{"textures":{"0":"modelengine:entity/mso_tornado"},"elements":[{"name":"cube","from":[-16.0,-4.3428593,-16.0],"to":[32.0,20.342852,32.0],"rotation":{"angle":0.0,"axis":"x","origin":[14.857144,8.0,14.857143]},"faces":{"down":{"uv":[4.5,4.5,0.0,9.0],"rotation":0,"texture":"#0","tintindex":0},"east":{"uv":[8.125,1.8125,12.625,3.625],"rotation":0,"texture":"#0","tintindex":0},"north":{"uv":[8.125,0.0,12.625,1.8125],"rotation":0,"texture":"#0","tintindex":0},"south":{"uv":[8.125,3.625,12.625,5.4375],"rotation":0,"texture":"#0","tintindex":0},"up":{"uv":[4.5,4.5,0.0,0.0],"rotation":0,"texture":"#0","tintindex":0},"west":{"uv":[8.125,5.4375,12.625,7.25],"rotation":0,"texture":"#0","tintindex":0}}}],"display":{"head":{"translation":[0.0,-6.4,0.0],"rotation":[0.0,0.0,0.0],"scale":[3.7333333,3.7333333,3.7333333]}}}