{"textures":{"0":"modelengine:entity/mso_zeus"},"elements":[{"name":"cube","from":[10.34,-7.6000004,5.66],"to":[15.8,3.3200026,11.900001],"rotation":{"angle":0.0,"axis":"x","origin":[11.9,-27.879997,8.780001]},"faces":{"down":{"uv":[8.75,7.8125,9.1875,8.3125],"rotation":0,"texture":"#0","tintindex":0},"east":{"uv":[9.25,8.3125,8.75,9.1875],"rotation":0,"texture":"#0","tintindex":0},"north":{"uv":[8.75,8.3125,8.3125,9.1875],"rotation":0,"texture":"#0","tintindex":0},"south":{"uv":[9.6875,8.3125,9.25,9.1875],"rotation":0,"texture":"#0","tintindex":0},"up":{"uv":[8.3125,8.3125,8.75,7.8125],"rotation":0,"texture":"#0","tintindex":0},"west":{"uv":[8.3125,8.3125,7.8125,9.1875],"rotation":0,"texture":"#0","tintindex":0}}},{"name":"cube","from":[8.0,-9.16,4.1],"to":[15.02,5.6600037,11.12],"rotation":{"angle":0.0,"axis":"x","origin":[8.0,8.780002,8.0]},"faces":{"down":{"uv":[3.3125,6.375,3.875,6.9375],"rotation":0,"texture":"#0","tintindex":0},"east":{"uv":[3.875,6.9375,3.3125,8.125],"rotation":0,"texture":"#0","tintindex":0},"north":{"uv":[3.3125,6.9375,2.75,8.125],"rotation":0,"texture":"#0","tintindex":0},"south":{"uv":[4.4375,6.9375,3.875,8.125],"rotation":0,"texture":"#0","tintindex":0},"up":{"uv":[2.75,6.9375,3.3125,6.375],"rotation":0,"texture":"#0","tintindex":0},"west":{"uv":[2.75,6.9375,2.1875,8.125],"rotation":0,"texture":"#0","tintindex":0}}},{"name":"cube","from":[8.0,5.6600037,4.88],"to":[14.240001,10.340001,10.34],"rotation":{"angle":0.0,"axis":"x","origin":[12.68,-8.379998,9.56]},"faces":{"down":{"uv":[5.75,8.1875,6.25,8.625],"rotation":0,"texture":"#0","tintindex":0},"east":{"uv":[6.1875,8.625,5.75,9.0],"rotation":0,"texture":"#0","tintindex":0},"north":{"uv":[5.75,8.625,5.25,9.0],"rotation":0,"texture":"#0","tintindex":0},"south":{"uv":[6.6875,8.625,6.1875,9.0],"rotation":0,"texture":"#0","tintindex":0},"up":{"uv":[5.25,8.625,5.75,8.1875],"rotation":0,"texture":"#0","tintindex":0},"west":{"uv":[5.25,8.625,4.8125,9.0],"rotation":0,"texture":"#0","tintindex":0}}}],"display":{"head":{"translation":[0.0,-6.4,0.0],"rotation":[0.0,0.0,0.0],"scale":[3.8095,3.8095,3.8095]}}}