{"textures":{"0":"modelengine:entity/f3267d94f5a35281","1":"modelengine:entity/hana_horn","2":"modelengine:entity/stone_sword","3":"modelengine:entity/oak_planks"},"elements":[{"name":"head","from":[5.6,8.0,5.6],"to":[10.4,12.8,10.4],"rotation":{"angle":0.0,"axis":"x","origin":[8.0,-6.4000006,8.0]},"faces":{"down":{"uv":[6.0,0.0,4.0,2.0],"rotation":0,"texture":"#0","tintindex":0},"east":{"uv":[0.0,2.0,2.0,4.0],"rotation":0,"texture":"#0","tintindex":0},"north":{"uv":[2.0,2.0,4.0,4.0],"rotation":0,"texture":"#0","tintindex":0},"south":{"uv":[6.0,2.0,8.0,4.0],"rotation":0,"texture":"#0","tintindex":0},"up":{"uv":[4.0,2.0,2.0,0.0],"rotation":0,"texture":"#0","tintindex":0},"west":{"uv":[4.0,2.0,6.0,4.0],"rotation":0,"texture":"#0","tintindex":0}}},{"name":"headwear","from":[5.3,7.7,5.3],"to":[10.700001,13.1,10.700001],"rotation":{"angle":0.0,"axis":"x","origin":[8.0,-6.4000006,8.0]},"faces":{"down":{"uv":[14.0,0.0,12.0,2.0],"rotation":0,"texture":"#0","tintindex":0},"east":{"uv":[8.0,2.0,10.0,4.0],"rotation":0,"texture":"#0","tintindex":0},"north":{"uv":[10.0,2.0,12.0,4.0],"rotation":0,"texture":"#0","tintindex":0},"south":{"uv":[14.0,2.0,16.0,4.0],"rotation":0,"texture":"#0","tintindex":0},"up":{"uv":[12.0,2.0,10.0,0.0],"rotation":0,"texture":"#0","tintindex":0},"west":{"uv":[12.0,2.0,14.0,4.0],"rotation":0,"texture":"#0","tintindex":0}}},{"name":"cube","from":[5.63,12.23,8.0],"to":[6.23,15.83,8.6],"rotation":{"angle":22.5,"axis":"z","origin":[5.7799997,12.38,8.0]},"faces":{"down":{"uv":[11.0,13.0,10.0,14.0],"rotation":0,"texture":"#1","tintindex":0},"east":{"uv":[5.0,2.0,6.0,8.0],"rotation":0,"texture":"#1","tintindex":0},"north":{"uv":[4.0,2.0,5.0,8.0],"rotation":0,"texture":"#1","tintindex":0},"south":{"uv":[0.0,6.0,1.0,12.0],"rotation":0,"texture":"#1","tintindex":0},"up":{"uv":[4.0,13.0,3.0,12.0],"rotation":0,"texture":"#1","tintindex":0},"west":{"uv":[1.0,6.0,2.0,12.0],"rotation":0,"texture":"#1","tintindex":0}}},{"name":"cube","from":[3.83,9.53,8.6],"to":[5.48,10.129999,9.2],"rotation":{"angle":22.5,"axis":"z","origin":[5.7799997,12.38,8.0]},"faces":{"down":{"uv":[14.0,10.0,11.0,11.0],"rotation":0,"texture":"#1","tintindex":0},"east":{"uv":[6.0,14.0,7.0,15.0],"rotation":0,"texture":"#1","tintindex":0},"north":{"uv":[11.0,7.0,14.0,8.0],"rotation":0,"texture":"#1","tintindex":0},"south":{"uv":[11.0,8.0,14.0,9.0],"rotation":0,"texture":"#1","tintindex":0},"up":{"uv":[14.0,10.0,11.0,9.0],"rotation":0,"texture":"#1","tintindex":0},"west":{"uv":[14.0,6.0,15.0,7.0],"rotation":0,"texture":"#1","tintindex":0}}},{"name":"cube","from":[3.3799999,10.129999,8.0],"to":[5.48,10.73,9.2],"rotation":{"angle":22.5,"axis":"z","origin":[5.7799997,12.38,8.0]},"faces":{"down":{"uv":[8.0,0.0,4.0,2.0],"rotation":0,"texture":"#1","tintindex":0},"east":{"uv":[6.0,13.0,8.0,14.0],"rotation":0,"texture":"#1","tintindex":0},"north":{"uv":[8.0,2.0,12.0,3.0],"rotation":0,"texture":"#1","tintindex":0},"south":{"uv":[8.0,3.0,12.0,4.0],"rotation":0,"texture":"#1","tintindex":0},"up":{"uv":[4.0,6.0,0.0,4.0],"rotation":0,"texture":"#1","tintindex":0},"west":{"uv":[8.0,13.0,10.0,14.0],"rotation":0,"texture":"#1","tintindex":0}}},{"name":"cube","from":[10.52,10.129999,8.0],"to":[12.62,10.73,9.2],"rotation":{"angle":-22.5,"axis":"z","origin":[10.219999,12.38,8.0]},"faces":{"down":{"uv":[4.0,2.0,0.0,4.0],"rotation":0,"texture":"#1","tintindex":0},"east":{"uv":[0.0,13.0,2.0,14.0],"rotation":0,"texture":"#1","tintindex":0},"north":{"uv":[8.0,0.0,12.0,1.0],"rotation":0,"texture":"#1","tintindex":0},"south":{"uv":[8.0,1.0,12.0,2.0],"rotation":0,"texture":"#1","tintindex":0},"up":{"uv":[4.0,2.0,0.0,0.0],"rotation":0,"texture":"#1","tintindex":0},"west":{"uv":[2.0,13.0,4.0,14.0],"rotation":0,"texture":"#1","tintindex":0}}},{"name":"cube","from":[10.52,9.53,8.6],"to":[12.17,10.129999,9.2],"rotation":{"angle":-22.5,"axis":"z","origin":[10.219999,12.38,8.0]},"faces":{"down":{"uv":[15.0,1.0,12.0,2.0],"rotation":0,"texture":"#1","tintindex":0},"east":{"uv":[7.0,14.0,8.0,15.0],"rotation":0,"texture":"#1","tintindex":0},"north":{"uv":[11.0,11.0,14.0,12.0],"rotation":0,"texture":"#1","tintindex":0},"south":{"uv":[0.0,12.0,3.0,13.0],"rotation":0,"texture":"#1","tintindex":0},"up":{"uv":[15.0,1.0,12.0,0.0],"rotation":0,"texture":"#1","tintindex":0},"west":{"uv":[14.0,7.0,15.0,8.0],"rotation":0,"texture":"#1","tintindex":0}}},{"name":"cube","from":[4.58,14.929999,8.06],"to":[5.18,16.880001,8.54],"rotation":{"angle":0.0,"axis":"x","origin":[5.7799997,12.38,8.0]},"faces":{"down":{"uv":[13.0,13.0,12.0,14.0],"rotation":0,"texture":"#1","tintindex":0},"east":{"uv":[8.0,4.0,9.0,7.0],"rotation":0,"texture":"#1","tintindex":0},"north":{"uv":[4.0,8.0,5.0,11.0],"rotation":0,"texture":"#1","tintindex":0},"south":{"uv":[5.0,8.0,6.0,11.0],"rotation":0,"texture":"#1","tintindex":0},"up":{"uv":[12.0,14.0,11.0,13.0],"rotation":0,"texture":"#1","tintindex":0},"west":{"uv":[6.0,8.0,7.0,11.0],"rotation":0,"texture":"#1","tintindex":0}}},{"name":"cube","from":[4.79,13.28,8.06],"to":[5.33,15.23,8.54],"rotation":{"angle":-22.5,"axis":"z","origin":[5.7799997,12.38,8.0]},"faces":{"down":{"uv":[14.0,13.0,13.0,14.0],"rotation":0,"texture":"#1","tintindex":0},"east":{"uv":[8.0,7.0,9.0,10.0],"rotation":0,"texture":"#1","tintindex":0},"north":{"uv":[7.0,8.0,8.0,11.0],"rotation":0,"texture":"#1","tintindex":0},"south":{"uv":[9.0,4.0,10.0,7.0],"rotation":0,"texture":"#1","tintindex":0},"up":{"uv":[14.0,13.0,13.0,12.0],"rotation":0,"texture":"#1","tintindex":0},"west":{"uv":[9.0,7.0,10.0,10.0],"rotation":0,"texture":"#1","tintindex":0}}},{"name":"cube","from":[3.59,14.33,8.06],"to":[4.88,14.929999,8.54],"rotation":{"angle":0.0,"axis":"x","origin":[5.7799997,12.38,8.0]},"faces":{"down":{"uv":[14.0,4.0,12.0,5.0],"rotation":0,"texture":"#1","tintindex":0},"east":{"uv":[0.0,14.0,1.0,15.0],"rotation":0,"texture":"#1","tintindex":0},"north":{"uv":[6.0,11.0,8.0,12.0],"rotation":0,"texture":"#1","tintindex":0},"south":{"uv":[12.0,2.0,14.0,3.0],"rotation":0,"texture":"#1","tintindex":0},"up":{"uv":[14.0,4.0,12.0,3.0],"rotation":0,"texture":"#1","tintindex":0},"west":{"uv":[1.0,14.0,2.0,15.0],"rotation":0,"texture":"#1","tintindex":0}}},{"name":"cube","from":[10.67,13.28,8.06],"to":[11.21,15.23,8.54],"rotation":{"angle":22.5,"axis":"z","origin":[10.219999,12.38,8.0]},"faces":{"down":{"uv":[15.0,5.0,14.0,6.0],"rotation":0,"texture":"#1","tintindex":0},"east":{"uv":[4.0,11.0,5.0,14.0],"rotation":0,"texture":"#1","tintindex":0},"north":{"uv":[10.0,10.0,11.0,13.0],"rotation":0,"texture":"#1","tintindex":0},"south":{"uv":[11.0,4.0,12.0,7.0],"rotation":0,"texture":"#1","tintindex":0},"up":{"uv":[6.0,15.0,5.0,14.0],"rotation":0,"texture":"#1","tintindex":0},"west":{"uv":[5.0,11.0,6.0,14.0],"rotation":0,"texture":"#1","tintindex":0}}},{"name":"cube","from":[9.77,12.23,8.0],"to":[10.37,15.83,8.6],"rotation":{"angle":-22.5,"axis":"z","origin":[10.219999,12.38,8.0]},"faces":{"down":{"uv":[15.0,4.0,14.0,5.0],"rotation":0,"texture":"#1","tintindex":0},"east":{"uv":[6.0,2.0,7.0,8.0],"rotation":0,"texture":"#1","tintindex":0},"north":{"uv":[2.0,6.0,3.0,12.0],"rotation":0,"texture":"#1","tintindex":0},"south":{"uv":[3.0,6.0,4.0,12.0],"rotation":0,"texture":"#1","tintindex":0},"up":{"uv":[5.0,15.0,4.0,14.0],"rotation":0,"texture":"#1","tintindex":0},"west":{"uv":[7.0,2.0,8.0,8.0],"rotation":0,"texture":"#1","tintindex":0}}},{"name":"cube","from":[10.82,14.929999,8.06],"to":[11.42,16.880001,8.54],"rotation":{"angle":0.0,"axis":"x","origin":[10.219999,12.38,8.0]},"faces":{"down":{"uv":[15.0,2.0,14.0,3.0],"rotation":0,"texture":"#1","tintindex":0},"east":{"uv":[10.0,7.0,11.0,10.0],"rotation":0,"texture":"#1","tintindex":0},"north":{"uv":[10.0,4.0,11.0,7.0],"rotation":0,"texture":"#1","tintindex":0},"south":{"uv":[8.0,10.0,9.0,13.0],"rotation":0,"texture":"#1","tintindex":0},"up":{"uv":[3.0,15.0,2.0,14.0],"rotation":0,"texture":"#1","tintindex":0},"west":{"uv":[9.0,10.0,10.0,13.0],"rotation":0,"texture":"#1","tintindex":0}}},{"name":"cube","from":[11.12,14.33,8.06],"to":[12.410001,14.929999,8.54],"rotation":{"angle":0.0,"axis":"x","origin":[10.219999,12.38,8.0]},"faces":{"down":{"uv":[13.0,12.0,11.0,13.0],"rotation":0,"texture":"#1","tintindex":0},"east":{"uv":[3.0,14.0,4.0,15.0],"rotation":0,"texture":"#1","tintindex":0},"north":{"uv":[12.0,5.0,14.0,6.0],"rotation":0,"texture":"#1","tintindex":0},"south":{"uv":[6.0,12.0,8.0,13.0],"rotation":0,"texture":"#1","tintindex":0},"up":{"uv":[14.0,7.0,12.0,6.0],"rotation":0,"texture":"#1","tintindex":0},"west":{"uv":[14.0,3.0,15.0,4.0],"rotation":0,"texture":"#1","tintindex":0}}}],"display":{"head":{"translation":[0.0,-6.4,0.0],"rotation":[0.0,0.0,0.0],"scale":[3.8095,3.8095,3.8095]}}}