{"textures":{"0":"modelengine:entity/f3267d94f5a35281","1":"modelengine:entity/hana_horn","2":"modelengine:entity/stone_sword","3":"modelengine:entity/oak_planks"},"elements":[{"name":"left_pants","from":[6.6499996,4.25,7.85],"to":[9.35,8.15,10.55],"rotation":{"angle":0.0,"axis":"x","origin":[9.2,4.3999996,9.2]},"faces":{"down":{"uv":[3.0,10.25,2.0,11.25],"rotation":0,"texture":"#0","tintindex":0},"east":{"uv":[0.0,11.25,1.0,12.75],"rotation":0,"texture":"#0","tintindex":0},"north":{"uv":[1.0,11.25,2.0,12.75],"rotation":0,"texture":"#0","tintindex":0},"south":{"uv":[3.0,11.25,4.0,12.75],"rotation":0,"texture":"#0","tintindex":0},"up":{"uv":[2.0,11.25,1.0,10.25],"rotation":0,"texture":"#0","tintindex":0},"west":{"uv":[2.0,11.25,3.0,12.75],"rotation":0,"texture":"#0","tintindex":0}}},{"name":"left_leg","from":[6.8,4.3999996,8.0],"to":[9.2,8.0,10.4],"rotation":{"angle":0.0,"axis":"x","origin":[9.2,4.3999996,9.2]},"faces":{"down":{"uv":[7.0,13.5,6.0,14.5],"rotation":0,"texture":"#0","tintindex":0},"east":{"uv":[4.0,14.5,5.0,16.0],"rotation":0,"texture":"#0","tintindex":0},"north":{"uv":[5.0,14.5,6.0,16.0],"rotation":0,"texture":"#0","tintindex":0},"south":{"uv":[7.0,14.5,8.0,16.0],"rotation":0,"texture":"#0","tintindex":0},"up":{"uv":[6.0,14.5,5.0,13.5],"rotation":0,"texture":"#0","tintindex":0},"west":{"uv":[6.0,14.5,7.0,16.0],"rotation":0,"texture":"#0","tintindex":0}}}],"display":{"head":{"translation":[0.0,-6.4,0.0],"rotation":[0.0,0.0,0.0],"scale":[3.8095,3.8095,3.8095]}}}