{"credit":"MadewithBlockbench","texture_size":[64,64],"textures":{"0":"elitecreatures:egyptian_decoration_v1/egyptian_table_3","particle":"elitecreatures:egyptian_decoration_v1/egyptian_table_3"},"elements":[{"from":[-2,14,-1],"to":[18,16,17],"faces":{"north":{"uv":[0,4.5,5,5],"texture":"#0"},"east":{"uv":[1.5,5,6,5.5],"texture":"#0"},"south":{"uv":[0,4.5,5,5],"texture":"#0"},"west":{"uv":[1.5,5,6,5.5],"texture":"#0"},"up":{"uv":[5,4.5,0,0],"texture":"#0"},"down":{"uv":[5,16,0,11.5],"texture":"#0"}}},{"from":[-1,0,1],"to":[1,20,3],"rotation":{"angle":-45,"axis":"z","origin":[1,0,1]},"faces":{"north":{"uv":[0,5,0.5,10],"texture":"#0"},"east":{"uv":[5,0,5.5,5],"texture":"#0"},"south":{"uv":[0,5,0.5,10],"texture":"#0"},"west":{"uv":[5,0,5.5,5],"texture":"#0"},"up":{"uv":[2.5,6,2,5.5],"texture":"#0"},"down":{"uv":[2.5,6,2,5.5],"texture":"#0"}}},{"from":[-1.1,-0.1,0],"to":[1,2,16],"rotation":{"angle":-45,"axis":"z","origin":[1,0,1]},"faces":{"north":{"uv":[1.5,5.5,2,6],"texture":"#0"},"east":{"uv":[5.5,0,9.5,0.5],"texture":"#0"},"south":{"uv":[1.5,5.5,2,6],"texture":"#0"},"west":{"uv":[5.5,0,9.5,0.5],"texture":"#0"},"up":{"uv":[6,4.5,5.5,0.5],"texture":"#0"},"down":{"uv":[6,4.5,5.5,0.5],"texture":"#0"}}},{"from":[15,-0.1,0],"to":[17.1,2,16],"rotation":{"angle":45,"axis":"z","origin":[15,0,1]},"faces":{"north":{"uv":[2,5.5,1.5,6],"texture":"#0"},"east":{"uv":[9.5,0,5.5,0.5],"texture":"#0"},"south":{"uv":[2,5.5,1.5,6],"texture":"#0"},"west":{"uv":[9.5,0,5.5,0.5],"texture":"#0"},"up":{"uv":[5.5,4.5,6,0.5],"texture":"#0"},"down":{"uv":[5.5,4.5,6,0.5],"texture":"#0"}}},{"from":[-1,-4,2],"to":[1,16,4],"rotation":{"angle":45,"axis":"z","origin":[1,16,1]},"faces":{"north":{"uv":[0.5,5,1,10],"texture":"#0"},"east":{"uv":[1,5,1.5,10],"texture":"#0"},"south":{"uv":[0.5,5,1,10],"texture":"#0"},"west":{"uv":[1,5,1.5,10],"texture":"#0"},"up":{"uv":[3,6,2.5,5.5],"texture":"#0"},"down":{"uv":[3,6,2.5,5.5],"texture":"#0"}}},{"from":[-1,0,13],"to":[1,20,15],"rotation":{"angle":-45,"axis":"z","origin":[1,0,15]},"faces":{"north":{"uv":[0.5,5,0,10],"texture":"#0"},"east":{"uv":[5.5,0,5,5],"texture":"#0"},"south":{"uv":[0.5,5,0,10],"texture":"#0"},"west":{"uv":[5.5,0,5,5],"texture":"#0"},"up":{"uv":[2.5,5.5,2,6],"texture":"#0"},"down":{"uv":[2.5,5.5,2,6],"texture":"#0"}}},{"from":[-1,-4,12],"to":[1,16,14],"rotation":{"angle":45,"axis":"z","origin":[1,16,15]},"faces":{"north":{"uv":[1,5,0.5,10],"texture":"#0"},"east":{"uv":[1.5,5,1,10],"texture":"#0"},"south":{"uv":[1,5,0.5,10],"texture":"#0"},"west":{"uv":[1.5,5,1,10],"texture":"#0"},"up":{"uv":[3,5.5,2.5,6],"texture":"#0"},"down":{"uv":[3,5.5,2.5,6],"texture":"#0"}}}],"gui_light":"front","display":{"thirdperson_righthand":{"translation":[0,1.25,1.5],"scale":[0.18,0.18,0.18]},"thirdperson_lefthand":{"translation":[0,1.25,1.5],"scale":[0.18,0.18,0.18]},"firstperson_righthand":{"translation":[0,2.75,1.5],"scale":[0.45,0.45,0.45]},"firstperson_lefthand":{"translation":[0,2.75,1.5],"scale":[0.45,0.45,0.45]},"ground":{"translation":[0.75,2,0],"scale":[0.5,0.5,0.5]},"gui":{"rotation":[30,225,0],"translation":[0,-1.25,0],"scale":[0.38,0.38,0.38]},"head":{"translation":[0,-30.25,0],"scale":[1.6,1.6,1.6]},"fixed":{"scale":[0,0,0]}}}