{"credit":"MadewithBlockbench","texture_size":[128,128],"textures":{"0":"elitecreatures:egyptian_decoration_v1/egyptian_wallpeper_3","particle":"elitecreatures:egyptian_decoration_v1/egyptian_wallpeper_3"},"elements":[{"from":[-4,-16,15],"to":[20,32,16],"faces":{"north":{"uv":[0,0,3,6],"texture":"#0"},"east":{"uv":[0,6,0.125,12],"texture":"#0"},"south":{"uv":[3,0,6,6],"texture":"#0"},"west":{"uv":[0,6,0.125,12],"texture":"#0"},"up":{"uv":[9,0.125,6,0],"texture":"#0"},"down":{"uv":[9,0.125,6,0],"texture":"#0"}}}],"gui_light":"front","display":{"thirdperson_righthand":{"rotation":[0,180,0],"translation":[0,3,1],"scale":[0.14,0.14,0.14]},"thirdperson_lefthand":{"rotation":[0,180,0],"translation":[0,3,1],"scale":[0.14,0.14,0.14]},"firstperson_righthand":{"rotation":[0,108,0],"translation":[-2.5,0,0],"scale":[0.4,0.4,0.4]},"firstperson_lefthand":{"rotation":[0,108,0],"translation":[-2.5,0,0],"scale":[0.4,0.4,0.4]},"ground":{"translation":[0,3,0],"scale":[0.25,0.25,0.25]},"gui":{"rotation":[30,225,0],"translation":[1.25,-1,0],"scale":[0.24,0.24,0.24]},"head":{"scale":[0,0,0]},"fixed":{"translation":[0,0,-16.25],"scale":[2,2,2]}}}