{"credit":"MadewithBlockbench","texture_size":[64,64],"textures":{"0":"elitecreatures:egyptian_decoration_v1/egyptian_table_2","particle":"elitecreatures:egyptian_decoration_v1/egyptian_table_2"},"elements":[{"from":[-2,14,0],"to":[18,16,15],"faces":{"north":{"uv":[8.75,8.25,13.75,8.75],"texture":"#0"},"east":{"uv":[8.75,9.25,12.5,9.75],"texture":"#0"},"south":{"uv":[8.75,8.75,13.75,9.25],"texture":"#0"},"west":{"uv":[12.5,9.25,8.75,9.75],"texture":"#0"},"up":{"uv":[10,3.75,5,0],"texture":"#0"},"down":{"uv":[10,3.75,5,7.5],"texture":"#0"}}},{"from":[0,11,1],"to":[16,14,1],"faces":{"north":{"uv":[8.75,7.5,12.75,8.25],"texture":"#0"},"south":{"uv":[8.75,7.5,12.75,8.25],"texture":"#0"}}},{"from":[-2,0,15],"to":[18,16,16],"faces":{"north":{"uv":[0,0,5,4],"texture":"#0"},"east":{"uv":[4.75,8,5,12],"texture":"#0"},"south":{"uv":[0,4,5,8],"texture":"#0"},"west":{"uv":[4.75,8,5,12],"texture":"#0"},"up":{"uv":[14.25,10,9.25,9.75],"texture":"#0"},"down":{"uv":[15,0,10,0.25],"texture":"#0"}}},{"from":[16,0,0],"to":[18,14,15],"faces":{"north":{"uv":[4.25,8,4.75,11.5],"texture":"#0"},"east":{"uv":[5,7.5,8.75,11],"texture":"#0"},"south":{"uv":[8.75,9.75,9.25,13.25],"texture":"#0"},"west":{"uv":[0,8,3.75,11.5],"texture":"#0"},"up":{"uv":[4.25,8,3.75,11.75],"texture":"#0"},"down":{"uv":[4.25,8,3.75,11.75],"texture":"#0"}}},{"from":[-2,0,0],"to":[0,14,15],"rotation":{"angle":0,"axis":"y","origin":[16,0,0]},"faces":{"north":{"uv":[4.75,8,4.25,11.5],"texture":"#0"},"east":{"uv":[3.75,8,0,11.5],"texture":"#0"},"south":{"uv":[9.25,9.75,8.75,13.25],"texture":"#0"},"west":{"uv":[8.75,7.5,5,11],"texture":"#0"},"up":{"uv":[3.75,8,4.25,11.75],"texture":"#0"},"down":{"uv":[3.75,8,4.25,11.75],"texture":"#0"}}}],"gui_light":"front","display":{"thirdperson_righthand":{"translation":[0,1.25,1.5],"scale":[0.18,0.18,0.18]},"thirdperson_lefthand":{"translation":[0,1.25,1.5],"scale":[0.18,0.18,0.18]},"firstperson_righthand":{"translation":[0,2.75,1.5],"scale":[0.45,0.45,0.45]},"firstperson_lefthand":{"translation":[0,2.75,1.5],"scale":[0.45,0.45,0.45]},"ground":{"translation":[0.75,2,0],"scale":[0.5,0.5,0.5]},"gui":{"rotation":[30,225,0],"translation":[0,-1.25,0],"scale":[0.38,0.38,0.38]},"head":{"rotation":[0,180,0],"translation":[0,-30.25,0],"scale":[1.6,1.6,1.6]},"fixed":{"scale":[0,0,0]}}}