{"textures":{"0":"modelengine:entity/ghastling_2"},"elements":[{"name":"cube","from":[2.2999997,5.3,0.7999997],"to":[2.2999997,14.3,15.2],"rotation":{"angle":0.0,"axis":"x","origin":[9.5,5.3,8.0]},"faces":{"down":{"uv":[0.0,0.0,0.0,2.0],"rotation":0,"texture":"#0","tintindex":0},"east":{"uv":[0.0,4.0,2.0,5.25],"rotation":0,"texture":"#0","tintindex":0},"north":{"uv":[0.0,0.0,0.0,1.25],"rotation":0,"texture":"#0","tintindex":0},"south":{"uv":[0.0,0.0,0.0,1.25],"rotation":0,"texture":"#0","tintindex":0},"up":{"uv":[0.0,2.0,0.0,0.0],"rotation":0,"texture":"#0","tintindex":0},"west":{"uv":[4.0,0.0,6.0,1.25],"rotation":0,"texture":"#0","tintindex":0}}},{"name":"cube","from":[2.2999997,5.3,0.7999997],"to":[16.7,14.3,0.7999997],"rotation":{"angle":0.0,"axis":"x","origin":[9.5,5.3,8.0]},"faces":{"down":{"uv":[2.0,0.0,0.0,0.0],"rotation":0,"texture":"#0","tintindex":0},"east":{"uv":[0.0,0.0,0.0,1.25],"rotation":0,"texture":"#0","tintindex":0},"north":{"uv":[4.0,1.25,6.0,2.5],"rotation":0,"texture":"#0","tintindex":0},"south":{"uv":[2.0,4.0,4.0,5.25],"rotation":0,"texture":"#0","tintindex":0},"up":{"uv":[2.0,0.0,0.0,0.0],"rotation":0,"texture":"#0","tintindex":0},"west":{"uv":[0.0,0.0,0.0,1.25],"rotation":0,"texture":"#0","tintindex":0}}},{"name":"cube","from":[16.7,5.3,0.7999997],"to":[16.7,14.3,15.2],"rotation":{"angle":0.0,"axis":"x","origin":[9.5,5.3,8.0]},"faces":{"down":{"uv":[0.0,0.0,0.0,2.0],"rotation":0,"texture":"#0","tintindex":0},"east":{"uv":[4.0,2.5,6.0,3.75],"rotation":0,"texture":"#0","tintindex":0},"north":{"uv":[0.0,0.0,0.0,1.25],"rotation":0,"texture":"#0","tintindex":0},"south":{"uv":[0.0,0.0,0.0,1.25],"rotation":0,"texture":"#0","tintindex":0},"up":{"uv":[0.0,2.0,0.0,0.0],"rotation":0,"texture":"#0","tintindex":0},"west":{"uv":[4.0,3.75,6.0,5.0],"rotation":0,"texture":"#0","tintindex":0}}},{"name":"cube","from":[2.2999997,5.3,15.2],"to":[16.7,14.3,15.2],"rotation":{"angle":0.0,"axis":"x","origin":[9.5,5.3,8.0]},"faces":{"down":{"uv":[2.0,0.0,0.0,0.0],"rotation":0,"texture":"#0","tintindex":0},"east":{"uv":[0.0,0.0,0.0,1.25],"rotation":0,"texture":"#0","tintindex":0},"north":{"uv":[4.0,5.0,6.0,6.25],"rotation":0,"texture":"#0","tintindex":0},"south":{"uv":[0.0,5.25,2.0,6.5],"rotation":0,"texture":"#0","tintindex":0},"up":{"uv":[2.0,0.0,0.0,0.0],"rotation":0,"texture":"#0","tintindex":0},"west":{"uv":[0.0,0.0,0.0,1.25],"rotation":0,"texture":"#0","tintindex":0}}},{"name":"cube","from":[2.2999997,5.3,0.7999997],"to":[16.7,9.8,15.2],"rotation":{"angle":0.0,"axis":"x","origin":[9.5,5.3,8.0]},"faces":{"down":{"uv":[2.0,2.0,0.0,4.0],"rotation":0,"texture":"#0","tintindex":0},"east":{"uv":[9.875,6.5,11.875,7.125],"rotation":0,"texture":"#0","tintindex":0},"north":{"uv":[8.875,4.0,10.875,4.625],"rotation":0,"texture":"#0","tintindex":0},"south":{"uv":[11.75,1.25,13.75,1.875],"rotation":0,"texture":"#0","tintindex":0},"up":{"uv":[2.0,2.0,0.0,0.0],"rotation":0,"texture":"#0","tintindex":0},"west":{"uv":[10.75,2.5,12.75,3.125],"rotation":0,"texture":"#0","tintindex":0}}}],"display":{"head":{"translation":[0.0,-6.4,0.0],"rotation":[0.0,0.0,0.0],"scale":[3.8095,3.8095,3.8095]}}}