{"textures":{"0":"modelengine:entity/ghastling_2"},"elements":[{"name":"cube","from":[2.2999997,9.8,-4.0000005],"to":[16.7,17.0,-4.0000005],"rotation":{"angle":0.0,"axis":"x","origin":[9.5,-7.3,3.1999998]},"faces":{"down":{"uv":[2.0,0.0,0.0,0.0],"rotation":0,"texture":"#0","tintindex":0},"east":{"uv":[0.0,0.0,0.0,1.0],"rotation":0,"texture":"#0","tintindex":0},"north":{"uv":[2.0,5.25,4.0,6.25],"rotation":0,"texture":"#0","tintindex":0},"south":{"uv":[6.0,0.0,8.0,1.0],"rotation":0,"texture":"#0","tintindex":0},"up":{"uv":[2.0,0.0,0.0,0.0],"rotation":0,"texture":"#0","tintindex":0},"west":{"uv":[0.0,0.0,0.0,1.0],"rotation":0,"texture":"#0","tintindex":0}}},{"name":"cube","from":[2.2999997,9.8,10.4],"to":[16.7,17.0,10.4],"rotation":{"angle":0.0,"axis":"x","origin":[9.5,-7.3,3.1999998]},"faces":{"down":{"uv":[2.0,0.0,0.0,0.0],"rotation":0,"texture":"#0","tintindex":0},"east":{"uv":[0.0,0.0,0.0,1.0],"rotation":0,"texture":"#0","tintindex":0},"north":{"uv":[6.0,1.0,8.0,2.0],"rotation":0,"texture":"#0","tintindex":0},"south":{"uv":[6.0,2.0,8.0,3.0],"rotation":0,"texture":"#0","tintindex":0},"up":{"uv":[2.0,0.0,0.0,0.0],"rotation":0,"texture":"#0","tintindex":0},"west":{"uv":[0.0,0.0,0.0,1.0],"rotation":0,"texture":"#0","tintindex":0}}},{"name":"cube","from":[16.7,9.8,-4.0000005],"to":[16.7,17.0,10.4],"rotation":{"angle":0.0,"axis":"x","origin":[9.5,-7.3,3.1999998]},"faces":{"down":{"uv":[0.0,0.0,0.0,2.0],"rotation":0,"texture":"#0","tintindex":0},"east":{"uv":[6.0,3.0,8.0,4.0],"rotation":0,"texture":"#0","tintindex":0},"north":{"uv":[0.0,0.0,0.0,1.0],"rotation":0,"texture":"#0","tintindex":0},"south":{"uv":[0.0,0.0,0.0,1.0],"rotation":0,"texture":"#0","tintindex":0},"up":{"uv":[0.0,2.0,0.0,0.0],"rotation":0,"texture":"#0","tintindex":0},"west":{"uv":[6.0,4.0,8.0,5.0],"rotation":0,"texture":"#0","tintindex":0}}},{"name":"cube","from":[2.2999997,9.8,-4.0000005],"to":[2.2999997,17.0,10.4],"rotation":{"angle":0.0,"axis":"x","origin":[9.5,-7.3,3.1999998]},"faces":{"down":{"uv":[0.0,0.0,0.0,2.0],"rotation":0,"texture":"#0","tintindex":0},"east":{"uv":[6.0,5.0,8.0,6.0],"rotation":0,"texture":"#0","tintindex":0},"north":{"uv":[0.0,0.0,0.0,1.0],"rotation":0,"texture":"#0","tintindex":0},"south":{"uv":[0.0,0.0,0.0,1.0],"rotation":0,"texture":"#0","tintindex":0},"up":{"uv":[0.0,2.0,0.0,0.0],"rotation":0,"texture":"#0","tintindex":0},"west":{"uv":[6.0,6.0,8.0,7.0],"rotation":0,"texture":"#0","tintindex":0}}},{"name":"cube","from":[2.2999997,13.400001,-4.0000005],"to":[16.7,17.0,10.4],"rotation":{"angle":0.0,"axis":"x","origin":[9.5,-7.3,3.1999998]},"faces":{"down":{"uv":[4.0,2.0,2.0,4.0],"rotation":0,"texture":"#0","tintindex":0},"east":{"uv":[14.0,2.125,16.0,2.5],"rotation":0,"texture":"#0","tintindex":0},"north":{"uv":[8.625,0.0,10.625,0.5],"rotation":0,"texture":"#0","tintindex":0},"south":{"uv":[9.0,1.625,11.0,2.125],"rotation":0,"texture":"#0","tintindex":0},"up":{"uv":[4.0,2.0,2.0,0.0],"rotation":0,"texture":"#0","tintindex":0},"west":{"uv":[8.625,0.0,10.625,0.5],"rotation":0,"texture":"#0","tintindex":0}}}],"display":{"head":{"translation":[0.0,-6.4,0.0],"rotation":[0.0,0.0,0.0],"scale":[3.8095,3.8095,3.8095]}}}