{"textures":{"0":"modelengine:entity/ninetailhuman","1":"modelengine:entity/katanaleft","2":"modelengine:entity/katanaright","3":"modelengine:entity/darkkatanaribbon","4":"modelengine:entity/katanarightblade","5":"modelengine:entity/lightkatanaribbon","6":"modelengine:entity/katanaleftaura","7":"modelengine:entity/katanarightaura"},"elements":[{"name":"box4","from":[5.6112947,0.59155416,8.0],"to":[10.388705,8.010485,8.0],"rotation":{"angle":0.0,"axis":"x","origin":[8.839191,3.347752,10.1482525]},"faces":{"down":{"uv":[8.984375,5.8125,8.5,5.8125],"rotation":0,"texture":"#0","tintindex":0},"east":{"uv":[2.9375,8.5,2.9375,9.25],"rotation":0,"texture":"#0","tintindex":0},"north":{"uv":[1.046875,0.0,0.5625,0.75],"rotation":0,"texture":"#0","tintindex":0},"south":{"uv":[0.5625,0.0,1.046875,0.75],"rotation":0,"texture":"#0","tintindex":0},"up":{"uv":[8.984375,5.75,8.5,5.75],"rotation":0,"texture":"#0","tintindex":0},"west":{"uv":[4.9375,8.5,4.9375,9.25],"rotation":0,"texture":"#0","tintindex":0}}}],"display":{"head":{"translation":[0.0,-6.4,0.0],"rotation":[0.0,0.0,0.0],"scale":[3.8095,3.8095,3.8095]}}}