{"textures":{"0":"modelengine:entity/ninetailhuman","1":"modelengine:entity/katanaleft","2":"modelengine:entity/katanaright","3":"modelengine:entity/darkkatanaribbon","4":"modelengine:entity/katanarightblade","5":"modelengine:entity/lightkatanaribbon","6":"modelengine:entity/katanaleftaura","7":"modelengine:entity/katanarightaura"},"elements":[{"name":"hair","from":[6.2179546,7.801383,9.779648],"to":[9.805955,11.445315,9.779648],"rotation":{"angle":0.0,"axis":"x","origin":[6.8163176,6.5572796,8.922837]},"faces":{"down":{"uv":[8.90625,6.75,8.5,6.75],"rotation":0,"texture":"#0","tintindex":0},"east":{"uv":[2.3125,3.4375,2.3125,3.84375],"rotation":0,"texture":"#0","tintindex":0},"north":{"uv":[4.96875,2.75,4.5625,3.15625],"rotation":0,"texture":"#0","tintindex":0},"south":{"uv":[4.5625,2.75,4.96875,3.15625],"rotation":0,"texture":"#0","tintindex":0},"up":{"uv":[7.03125,8.5,6.625,8.5],"rotation":0,"texture":"#0","tintindex":0},"west":{"uv":[3.125,7.5625,3.125,7.96875],"rotation":0,"texture":"#0","tintindex":0}}},{"name":"hair","from":[6.2179546,4.4583774,6.745696],"to":[6.2179546,11.445315,9.779648],"rotation":{"angle":0.0,"axis":"x","origin":[6.8163176,6.5572796,8.922837]},"faces":{"down":{"uv":[4.515625,7.8125,4.5,8.15625],"rotation":0,"texture":"#0","tintindex":0},"east":{"uv":[2.03125,0.0,1.6875,0.796875],"rotation":0,"texture":"#0","tintindex":0},"north":{"uv":[5.8125,7.4375,5.828125,8.234375],"rotation":0,"texture":"#0","tintindex":0},"south":{"uv":[5.9375,7.4375,5.953125,8.234375],"rotation":0,"texture":"#0","tintindex":0},"up":{"uv":[4.078125,8.15625,4.0625,7.8125],"rotation":0,"texture":"#0","tintindex":0},"west":{"uv":[1.6875,0.0,2.03125,0.796875],"rotation":0,"texture":"#0","tintindex":0}}},{"name":"hair","from":[6.2179546,6.3887267,6.745696],"to":[9.7575655,11.445315,6.745696],"rotation":{"angle":0.0,"axis":"x","origin":[6.8163176,6.5572796,8.922837]},"faces":{"down":{"uv":[8.09375,5.125,7.6875,5.140625],"rotation":0,"texture":"#0","tintindex":0},"east":{"uv":[7.625,3.4375,7.640625,4.015625],"rotation":0,"texture":"#0","tintindex":0},"north":{"uv":[2.125,1.375,2.53125,1.953125],"rotation":0,"texture":"#0","tintindex":0},"south":{"uv":[2.53125,1.375,2.125,1.953125],"rotation":0,"texture":"#0","tintindex":0},"up":{"uv":[8.09375,5.015625,7.6875,5.0],"rotation":0,"texture":"#0","tintindex":0},"west":{"uv":[3.9375,7.625,3.953125,8.203125],"rotation":0,"texture":"#0","tintindex":0}}},{"name":"hair","from":[6.144367,2.3570108,9.781244],"to":[9.875887,8.028748,9.781244],"rotation":{"angle":0.0,"axis":"x","origin":[6.7666645,6.7348785,8.981679]},"faces":{"down":{"uv":[8.09375,7.125,7.6875,7.140625],"rotation":0,"texture":"#0","tintindex":0},"east":{"uv":[6.5,7.4375,6.515625,8.0625],"rotation":0,"texture":"#0","tintindex":0},"north":{"uv":[2.53125,0.6875,2.125,1.3125],"rotation":0,"texture":"#0","tintindex":0},"south":{"uv":[2.125,0.6875,2.53125,1.3125],"rotation":0,"texture":"#0","tintindex":0},"up":{"uv":[8.09375,6.265625,7.6875,6.25],"rotation":0,"texture":"#0","tintindex":0},"west":{"uv":[3.1875,7.5,3.203125,8.125],"rotation":0,"texture":"#0","tintindex":0}}},{"name":"hair","from":[9.75588,4.4583774,6.744011],"to":[9.75588,11.445315,9.777962],"rotation":{"angle":0.0,"axis":"x","origin":[6.8163176,6.5572796,8.922837]},"faces":{"down":{"uv":[6.328125,7.8125,6.3125,8.15625],"rotation":0,"texture":"#0","tintindex":0},"east":{"uv":[2.03125,0.0,1.6875,0.796875],"rotation":0,"texture":"#0","tintindex":0},"north":{"uv":[6.0625,7.4375,6.078125,8.234375],"rotation":0,"texture":"#0","tintindex":0},"south":{"uv":[6.1875,7.4375,6.203125,8.234375],"rotation":0,"texture":"#0","tintindex":0},"up":{"uv":[4.640625,8.15625,4.625,7.8125],"rotation":0,"texture":"#0","tintindex":0},"west":{"uv":[1.6875,0.0,2.03125,0.796875],"rotation":0,"texture":"#0","tintindex":0}}},{"name":"hair","from":[6.2179546,11.443628,6.745696],"to":[9.7575655,11.443628,9.779648],"rotation":{"angle":0.0,"axis":"x","origin":[6.8163176,6.5572796,8.922837]},"faces":{"down":{"uv":[5.21875,0.875,4.8125,1.21875],"rotation":0,"texture":"#0","tintindex":0},"east":{"uv":[7.8125,7.375,8.15625,7.390625],"rotation":0,"texture":"#0","tintindex":0},"north":{"uv":[7.6875,5.25,8.09375,5.265625],"rotation":0,"texture":"#0","tintindex":0},"south":{"uv":[7.6875,5.6875,8.09375,5.703125],"rotation":0,"texture":"#0","tintindex":0},"up":{"uv":[5.21875,1.21875,4.8125,0.875],"rotation":0,"texture":"#0","tintindex":0},"west":{"uv":[7.8125,7.5,8.15625,7.515625],"rotation":0,"texture":"#0","tintindex":0}}},{"name":"box1","from":[7.8534093,8.520514,6.5686045],"to":[8.184609,9.0183115,6.8446045],"rotation":{"angle":22.5,"axis":"x","origin":[7.791635,8.802208,8.132877]},"faces":{"down":{"uv":[4.984375,8.375,4.9375,8.421875],"rotation":0,"texture":"#0","tintindex":0},"east":{"uv":[1.546875,5.796875,1.5,5.875],"rotation":0,"texture":"#0","tintindex":0},"north":{"uv":[5.421875,6.0,5.46875,6.078125],"rotation":0,"texture":"#0","tintindex":0},"south":{"uv":[6.3125,3.1875,6.34375,3.3125],"rotation":0,"texture":"#0","tintindex":0},"up":{"uv":[4.84375,8.421875,4.8125,8.375],"rotation":0,"texture":"#0","tintindex":0},"west":{"uv":[1.5,5.796875,1.546875,5.875],"rotation":0,"texture":"#0","tintindex":0}}},{"name":"box2","from":[6.9867687,8.130703,6.8128805],"to":[9.018581,8.687859,8.930067],"rotation":{"angle":0.0,"axis":"x","origin":[7.918158,9.189936,9.186115]},"faces":{"down":{"uv":[3.796875,6.125,3.5625,6.359375],"rotation":0,"texture":"#0","tintindex":0},"east":{"uv":[7.375,6.25,7.609375,6.3125],"rotation":0,"texture":"#0","tintindex":0},"north":{"uv":[7.375,5.71875,7.640625,5.796875],"rotation":0,"texture":"#0","tintindex":0},"south":{"uv":[6.875,7.375,7.109375,7.4375],"rotation":0,"texture":"#0","tintindex":0},"up":{"uv":[6.359375,3.609375,6.125,3.375],"rotation":0,"texture":"#0","tintindex":0},"west":{"uv":[7.375,7.125,7.609375,7.1875],"rotation":0,"texture":"#0","tintindex":0}}},{"name":"box1","from":[6.815649,8.687859,6.8128805],"to":[9.218363,11.282772,9.215576],"rotation":{"angle":0.0,"axis":"x","origin":[7.791635,8.802208,8.132877]},"faces":{"down":{"uv":[4.015625,5.75,3.75,6.015625],"rotation":0,"texture":"#0","tintindex":0},"east":{"uv":[5.625,1.25,5.890625,1.546875],"rotation":0,"texture":"#0","tintindex":0},"north":{"uv":[4.40625,2.28125,4.734375,2.625],"rotation":0,"texture":"#0","tintindex":0},"south":{"uv":[5.625,4.875,5.890625,5.171875],"rotation":0,"texture":"#0","tintindex":0},"up":{"uv":[6.015625,3.640625,5.75,3.375],"rotation":0,"texture":"#0","tintindex":0},"west":{"uv":[5.6875,0.5,5.953125,0.796875],"rotation":0,"texture":"#0","tintindex":0}}}],"display":{"head":{"translation":[0.0,-6.4,0.0],"rotation":[0.0,0.0,0.0],"scale":[3.8095,3.8095,3.8095]}}}