{"textures":{"0":"modelengine:entity/ninetailhuman","1":"modelengine:entity/katanaleft","2":"modelengine:entity/katanaright","3":"modelengine:entity/darkkatanaribbon","4":"modelengine:entity/katanarightblade","5":"modelengine:entity/lightkatanaribbon","6":"modelengine:entity/katanaleftaura","7":"modelengine:entity/katanarightaura"},"elements":[{"name":"octagon","from":[7.6404586,7.077445,6.2169733],"to":[8.354126,7.4220343,6.4879994],"rotation":{"angle":45.0,"axis":"z","origin":[7.997292,7.938918,6.3880453]},"faces":{"down":{"uv":[9.25,8.0,8.0,8.5],"rotation":0,"texture":"#2","tintindex":0},"east":{"uv":[10.0,8.0,10.5,8.5],"rotation":0,"texture":"#2","tintindex":0},"north":{"uv":[6.0,8.0,7.25,8.5],"rotation":0,"texture":"#2","tintindex":0},"south":{"uv":[8.0,6.0,9.25,6.5],"rotation":0,"texture":"#2","tintindex":0},"up":{"uv":[9.25,7.5,8.0,7.0],"rotation":0,"texture":"#2","tintindex":0},"west":{"uv":[9.0,10.0,9.5,10.5],"rotation":0,"texture":"#2","tintindex":0}}},{"name":"octagon","from":[7.6404586,7.077445,6.216214],"to":[8.354126,8.80039,6.4872403],"rotation":{"angle":0.0,"axis":"x","origin":[7.997292,7.938918,6.3880453]},"faces":{"down":{"uv":[10.25,0.0,9.0,0.5],"rotation":0,"texture":"#2","tintindex":0},"east":{"uv":[6.0,0.0,6.5,2.75],"rotation":0,"texture":"#2","tintindex":0},"north":{"uv":[4.0,4.0,5.25,6.75],"rotation":0,"texture":"#2","tintindex":0},"south":{"uv":[4.0,4.0,5.25,6.75],"rotation":0,"texture":"#2","tintindex":0},"up":{"uv":[1.25,9.5,0.0,9.0],"rotation":0,"texture":"#2","tintindex":0},"west":{"uv":[6.0,3.0,6.5,5.75],"rotation":0,"texture":"#2","tintindex":0}}},{"name":"octagon","from":[7.721672,7.4795513,6.4872403],"to":[8.272912,8.398284,9.514465],"rotation":{"angle":0.0,"axis":"x","origin":[8.251593,7.938918,5.7403383]},"faces":{"down":{"uv":[1.0,4.0,0.0,9.0],"rotation":0,"texture":"#2","tintindex":0},"east":{"uv":[0.0,0.0,5.0,1.5],"rotation":0,"texture":"#2","tintindex":0},"north":{"uv":[5.0,0.0,6.0,1.5],"rotation":0,"texture":"#2","tintindex":0},"south":{"uv":[5.0,2.0,6.0,3.5],"rotation":0,"texture":"#2","tintindex":0},"up":{"uv":[1.0,9.0,0.0,4.0],"rotation":0,"texture":"#2","tintindex":0},"west":{"uv":[0.0,1.5,5.0,0.0],"rotation":0,"texture":"#2","tintindex":0}}},{"name":"octagon","from":[7.7676086,7.5714254,9.514465],"to":[8.226975,8.306411,9.785492],"rotation":{"angle":0.0,"axis":"x","origin":[8.251593,8.030791,5.7967825]},"faces":{"down":{"uv":[10.75,3.0,10.0,3.5],"rotation":0,"texture":"#2","tintindex":0},"east":{"uv":[2.0,7.0,2.5,8.25],"rotation":0,"texture":"#2","tintindex":0},"north":{"uv":[6.0,6.0,6.75,7.25],"rotation":0,"texture":"#2","tintindex":0},"south":{"uv":[7.0,0.0,7.75,1.25],"rotation":0,"texture":"#2","tintindex":0},"up":{"uv":[10.75,2.5,10.0,2.0],"rotation":0,"texture":"#2","tintindex":0},"west":{"uv":[2.5,7.0,2.0,8.25],"rotation":0,"texture":"#2","tintindex":0}}},{"name":"octagon","from":[7.836514,7.387678,5.4615335],"to":[8.158071,8.490157,6.2424564],"rotation":{"angle":0.0,"axis":"x","origin":[7.997292,7.938918,7.0716124]},"faces":{"down":{"uv":[1.75,4.0,1.5,4.625],"rotation":0,"texture":"#4","tintindex":0},"east":{"uv":[1.0,2.0,1.625,2.875],"rotation":0,"texture":"#4","tintindex":0},"north":{"uv":[3.0,2.0,3.25,2.875],"rotation":0,"texture":"#4","tintindex":0},"south":{"uv":[3.0,3.0,3.25,3.875],"rotation":0,"texture":"#4","tintindex":0},"up":{"uv":[1.25,4.625,1.0,4.0],"rotation":0,"texture":"#4","tintindex":0},"west":{"uv":[1.625,2.0,1.0,2.875],"rotation":0,"texture":"#4","tintindex":0}}},{"name":"octagon","from":[7.905419,7.4336147,-4.506717],"to":[8.089166,8.444221,5.4615335],"rotation":{"angle":0.0,"axis":"x","origin":[7.997292,7.938918,7.2094226]},"faces":{"down":{"uv":[0.625,2.0,0.5,10.25],"rotation":0,"texture":"#4","tintindex":0},"east":{"uv":[0.0,0.0,8.25,0.875],"rotation":0,"texture":"#4","tintindex":0},"north":{"uv":[3.0,4.0,3.125,4.875],"rotation":0,"texture":"#4","tintindex":0},"south":{"uv":[3.5,4.0,3.625,4.875],"rotation":0,"texture":"#4","tintindex":0},"up":{"uv":[0.125,10.25,0.0,2.0],"rotation":0,"texture":"#4","tintindex":0},"west":{"uv":[8.25,0.0,0.0,0.875],"rotation":0,"texture":"#4","tintindex":0}}},{"name":"octagon","from":[7.914606,6.180464,-5.481902],"to":[8.098352,6.91545,-4.6091056],"rotation":{"angle":22.5,"axis":"x","origin":[7.997292,6.55138,-1.4165096]},"faces":{"down":{"uv":[2.125,4.5,2.0,5.25],"rotation":0,"texture":"#4","tintindex":0},"east":{"uv":[1.0,3.0,1.75,3.625],"rotation":0,"texture":"#4","tintindex":0},"north":{"uv":[4.5,3.0,4.625,3.625],"rotation":0,"texture":"#4","tintindex":0},"south":{"uv":[4.5,4.0,4.625,4.625],"rotation":0,"texture":"#4","tintindex":0},"up":{"uv":[4.125,4.75,4.0,4.0],"rotation":0,"texture":"#4","tintindex":0},"west":{"uv":[1.75,3.0,1.0,3.625],"rotation":0,"texture":"#4","tintindex":0}}},{"name":"octagon","from":[7.9045,8.076728,-5.14983],"to":[8.088246,8.444221,-4.506717],"rotation":{"angle":0.0,"axis":"x","origin":[7.997292,8.444221,-4.6904635]},"faces":{"down":{"uv":[5.125,2.5,5.0,3.0],"rotation":0,"texture":"#4","tintindex":0},"east":{"uv":[2.0,4.0,2.5,4.25],"rotation":0,"texture":"#4","tintindex":0},"north":{"uv":[4.5,5.0,4.625,5.25],"rotation":0,"texture":"#4","tintindex":0},"south":{"uv":[5.0,4.5,5.125,4.75],"rotation":0,"texture":"#4","tintindex":0},"up":{"uv":[5.125,2.5,5.0,2.0],"rotation":0,"texture":"#4","tintindex":0},"west":{"uv":[2.5,4.0,3.0,4.25],"rotation":0,"texture":"#4","tintindex":0}}},{"name":"octagon","from":[7.905419,8.147045,-5.70107],"to":[8.089166,8.514538,-5.012021],"rotation":{"angle":22.5,"axis":"x","origin":[7.997292,8.514538,-5.3195906]},"faces":{"down":{"uv":[2.625,4.5,2.5,5.125],"rotation":0,"texture":"#4","tintindex":0},"east":{"uv":[3.5,2.0,4.125,2.25],"rotation":0,"texture":"#4","tintindex":0},"north":{"uv":[4.0,5.0,4.125,5.25],"rotation":0,"texture":"#4","tintindex":0},"south":{"uv":[5.0,4.0,5.125,4.25],"rotation":0,"texture":"#4","tintindex":0},"up":{"uv":[4.625,2.625,4.5,2.0],"rotation":0,"texture":"#4","tintindex":0},"west":{"uv":[4.125,2.0,3.5,2.25],"rotation":0,"texture":"#4","tintindex":0}}},{"name":"octagon","from":[7.9063377,8.693672,-5.7753496],"to":[8.090084,8.8774185,-5.1322374],"rotation":{"angle":45.0,"axis":"x","origin":[7.997292,8.991231,-5.837327]},"faces":{"down":{"uv":[5.125,3.5,5.0,4.0],"rotation":0,"texture":"#4","tintindex":0},"east":{"uv":[3.5,5.0,3.0,5.125],"rotation":0,"texture":"#4","tintindex":0},"north":{"uv":[5.5,2.0,5.625,2.125],"rotation":0,"texture":"#4","tintindex":0},"south":{"uv":[2.5,5.5,2.625,5.625],"rotation":0,"texture":"#4","tintindex":0},"up":{"uv":[3.625,5.5,3.5,5.0],"rotation":0,"texture":"#4","tintindex":0},"west":{"uv":[3.0,5.0,3.5,5.125],"rotation":0,"texture":"#4","tintindex":0}}},{"name":"octagon","from":[7.900825,7.8548765,-5.7074785],"to":[8.084572,8.222369,-4.972492],"rotation":{"angle":45.0,"axis":"x","origin":[7.997292,8.222369,-5.2481117]},"faces":{"down":{"uv":[1.625,5.0,1.5,5.625],"rotation":0,"texture":"#4","tintindex":0},"east":{"uv":[3.5,3.0,4.125,3.25],"rotation":0,"texture":"#4","tintindex":0},"north":{"uv":[5.0,5.0,5.125,5.25],"rotation":0,"texture":"#4","tintindex":0},"south":{"uv":[2.0,5.5,2.125,5.75],"rotation":0,"texture":"#4","tintindex":0},"up":{"uv":[1.125,5.625,1.0,5.0],"rotation":0,"texture":"#4","tintindex":0},"west":{"uv":[4.125,3.0,3.5,3.25],"rotation":0,"texture":"#4","tintindex":0}}},{"name":"octagon","from":[7.9045,8.1952715,-6.036172],"to":[8.088246,8.746511,-5.8524256],"rotation":{"angle":-22.5,"axis":"x","origin":[7.997292,8.752541,-6.1658945]},"faces":{"down":{"uv":[4.828125,8.5,4.8125,8.515625],"rotation":0,"texture":"#4","tintindex":0},"east":{"uv":[7.0,8.5,7.125,9.0],"rotation":0,"texture":"#4","tintindex":0},"north":{"uv":[8.5,5.5,8.625,6.0],"rotation":0,"texture":"#4","tintindex":0},"south":{"uv":[8.4375,3.75,8.453125,3.8125],"rotation":0,"texture":"#4","tintindex":0},"up":{"uv":[1.125,9.125,1.0,9.0],"rotation":0,"texture":"#4","tintindex":0},"west":{"uv":[7.0,8.5,7.125,9.0],"rotation":0,"texture":"#4","tintindex":0}}},{"name":"octagon","from":[7.6404586,8.455802,6.2169733],"to":[8.354126,8.80039,6.4879994],"rotation":{"angle":45.0,"axis":"z","origin":[7.997292,7.938918,6.3880453]},"faces":{"down":{"uv":[11.25,1.0,10.0,1.5],"rotation":0,"texture":"#2","tintindex":0},"east":{"uv":[1.0,11.0,1.5,11.5],"rotation":0,"texture":"#2","tintindex":0},"north":{"uv":[9.0,5.0,10.25,5.5],"rotation":0,"texture":"#2","tintindex":0},"south":{"uv":[8.0,9.0,9.25,9.5],"rotation":0,"texture":"#2","tintindex":0},"up":{"uv":[1.25,10.5,0.0,10.0],"rotation":0,"texture":"#2","tintindex":0},"west":{"uv":[2.0,11.0,2.5,11.5],"rotation":0,"texture":"#2","tintindex":0}}},{"name":"octagon","from":[7.1358194,7.5820847,6.2169733],"to":[7.480408,8.295752,6.4879994],"rotation":{"angle":45.0,"axis":"z","origin":[7.997292,7.938918,6.3880453]},"faces":{"down":{"uv":[10.5,10.0,10.0,10.5],"rotation":0,"texture":"#2","tintindex":0},"east":{"uv":[2.0,9.0,2.5,10.25],"rotation":0,"texture":"#2","tintindex":0},"north":{"uv":[9.0,1.0,9.5,2.25],"rotation":0,"texture":"#2","tintindex":0},"south":{"uv":[3.0,9.0,3.5,10.25],"rotation":0,"texture":"#2","tintindex":0},"up":{"uv":[10.5,9.5,10.0,9.0],"rotation":0,"texture":"#2","tintindex":0},"west":{"uv":[9.0,3.0,9.5,4.25],"rotation":0,"texture":"#2","tintindex":0}}},{"name":"octagon","from":[7.1358194,7.5820847,6.216214],"to":[7.480408,8.295752,6.4872403],"rotation":{"angle":0.0,"axis":"x","origin":[7.997292,7.938918,6.3880453]},"faces":{"down":{"uv":[11.5,0.0,11.0,0.5],"rotation":0,"texture":"#2","tintindex":0},"east":{"uv":[5.0,9.0,5.5,10.25],"rotation":0,"texture":"#2","tintindex":0},"north":{"uv":[4.0,9.0,4.5,10.25],"rotation":0,"texture":"#2","tintindex":0},"south":{"uv":[6.0,9.0,6.5,10.25],"rotation":0,"texture":"#2","tintindex":0},"up":{"uv":[0.5,11.5,0.0,11.0],"rotation":0,"texture":"#2","tintindex":0},"west":{"uv":[7.0,9.0,7.5,10.25],"rotation":0,"texture":"#2","tintindex":0}}},{"name":"octagon","from":[8.514176,7.5820847,6.2169733],"to":[8.858765,8.295752,6.4879994],"rotation":{"angle":45.0,"axis":"z","origin":[7.997292,7.938918,6.3880453]},"faces":{"down":{"uv":[10.5,6.0,10.0,6.5],"rotation":0,"texture":"#2","tintindex":0},"east":{"uv":[4.0,7.0,4.5,8.25],"rotation":0,"texture":"#2","tintindex":0},"north":{"uv":[3.0,7.0,3.5,8.25],"rotation":0,"texture":"#2","tintindex":0},"south":{"uv":[7.0,4.0,7.5,5.25],"rotation":0,"texture":"#2","tintindex":0},"up":{"uv":[10.5,4.5,10.0,4.0],"rotation":0,"texture":"#2","tintindex":0},"west":{"uv":[5.0,7.0,5.5,8.25],"rotation":0,"texture":"#2","tintindex":0}}},{"name":"octagon","from":[8.514176,7.5820847,6.216214],"to":[8.858765,8.295752,6.4872403],"rotation":{"angle":0.0,"axis":"x","origin":[7.997292,7.938918,6.3880453]},"faces":{"down":{"uv":[8.5,10.0,8.0,10.5],"rotation":0,"texture":"#2","tintindex":0},"east":{"uv":[8.0,0.0,8.5,1.25],"rotation":0,"texture":"#2","tintindex":0},"north":{"uv":[7.0,6.0,7.5,7.25],"rotation":0,"texture":"#2","tintindex":0},"south":{"uv":[8.0,2.0,8.5,3.25],"rotation":0,"texture":"#2","tintindex":0},"up":{"uv":[10.5,7.5,10.0,7.0],"rotation":0,"texture":"#2","tintindex":0},"west":{"uv":[8.0,4.0,8.5,5.25],"rotation":0,"texture":"#2","tintindex":0}}},{"name":"cube","from":[8.04236,5.3064117,8.585491],"to":[8.04236,8.306411,12.185492],"rotation":{"angle":0.0,"axis":"x","origin":[-6.3228884,35.306416,-29.81451]},"faces":{"down":{"uv":[0.0,0.0,0.0,6.0],"rotation":0,"texture":"#3","tintindex":0},"east":{"uv":[6.0,5.0,0.0,10.0],"rotation":0,"texture":"#3","tintindex":0},"north":{"uv":[0.0,0.0,0.0,5.0],"rotation":0,"texture":"#3","tintindex":0},"south":{"uv":[0.0,0.0,0.0,5.0],"rotation":0,"texture":"#3","tintindex":0},"up":{"uv":[0.0,6.0,0.0,0.0],"rotation":0,"texture":"#3","tintindex":0},"west":{"uv":[0.0,5.0,6.0,10.0],"rotation":0,"texture":"#3","tintindex":0}}},{"name":"cube","from":[8.0,6.4602156,-6.4000006],"to":[8.0,9.4602165,5.6],"rotation":{"angle":0.0,"axis":"x","origin":[8.0,8.0,8.0]},"faces":{"down":{"uv":[0.0,0.0,0.0,10.0],"rotation":0,"texture":"#7","tintindex":0},"east":{"uv":[0.0,0.0,10.0,2.5],"rotation":0,"texture":"#7","tintindex":0},"north":{"uv":[0.0,0.0,0.0,2.5],"rotation":0,"texture":"#7","tintindex":0},"south":{"uv":[0.0,0.0,0.0,2.5],"rotation":0,"texture":"#7","tintindex":0},"up":{"uv":[0.0,10.0,0.0,0.0],"rotation":0,"texture":"#7","tintindex":0},"west":{"uv":[10.0,0.0,0.0,2.5],"rotation":0,"texture":"#7","tintindex":0}}}],"display":{"head":{"translation":[0.0,-6.4,0.0],"rotation":[0.0,0.0,0.0],"scale":[3.8095,3.8095,3.8095]}}}