{"textures":{"0":"modelengine:entity/ninetailhuman","1":"modelengine:entity/katanaleft","2":"modelengine:entity/katanaright","3":"modelengine:entity/darkkatanaribbon","4":"modelengine:entity/katanarightblade","5":"modelengine:entity/lightkatanaribbon","6":"modelengine:entity/katanaleftaura","7":"modelengine:entity/katanarightaura"},"elements":[{"name":"hair","from":[5.2830143,2.9346366,7.120225],"to":[8.316966,8.265361,7.120225],"rotation":{"angle":0.0,"axis":"x","origin":[9.054947,6.936981,8.883839]},"faces":{"down":{"uv":[8.09375,3.8125,7.75,3.828125],"rotation":0,"texture":"#0","tintindex":0},"east":{"uv":[5.125,7.5,5.140625,8.109375],"rotation":0,"texture":"#0","tintindex":0},"north":{"uv":[4.03125,2.75,3.6875,3.359375],"rotation":0,"texture":"#0","tintindex":0},"south":{"uv":[3.6875,2.75,4.03125,3.359375],"rotation":0,"texture":"#0","tintindex":0},"up":{"uv":[8.09375,3.703125,7.75,3.6875],"rotation":0,"texture":"#0","tintindex":0},"west":{"uv":[5.25,7.5,5.265625,8.109375],"rotation":0,"texture":"#0","tintindex":0}}},{"name":"hair","from":[5.2830143,2.9346366,7.120225],"to":[8.316966,8.265361,7.120225],"rotation":{"angle":0.0,"axis":"x","origin":[9.054947,6.936981,8.883839]},"faces":{"down":{"uv":[8.09375,3.8125,7.75,3.828125],"rotation":0,"texture":"#0","tintindex":0},"east":{"uv":[5.125,7.5,5.140625,8.109375],"rotation":0,"texture":"#0","tintindex":0},"north":{"uv":[4.03125,2.75,3.6875,3.359375],"rotation":0,"texture":"#0","tintindex":0},"south":{"uv":[3.6875,2.75,4.03125,3.359375],"rotation":0,"texture":"#0","tintindex":0},"up":{"uv":[8.09375,3.703125,7.75,3.6875],"rotation":0,"texture":"#0","tintindex":0},"west":{"uv":[5.25,7.5,5.265625,8.109375],"rotation":0,"texture":"#0","tintindex":0}}},{"name":"hair","from":[5.2830343,2.9346366,9.371473],"to":[8.316985,8.265361,9.371473],"rotation":{"angle":0.0,"axis":"x","origin":[9.054947,6.936981,8.883839]},"faces":{"down":{"uv":[8.09375,4.3125,7.75,4.328125],"rotation":0,"texture":"#0","tintindex":0},"east":{"uv":[5.375,7.5,5.390625,8.109375],"rotation":0,"texture":"#0","tintindex":0},"north":{"uv":[4.03125,2.75,3.6875,3.359375],"rotation":0,"texture":"#0","tintindex":0},"south":{"uv":[3.6875,2.75,4.03125,3.359375],"rotation":0,"texture":"#0","tintindex":0},"up":{"uv":[8.09375,3.953125,7.75,3.9375],"rotation":0,"texture":"#0","tintindex":0},"west":{"uv":[5.5,7.5,5.515625,8.109375],"rotation":0,"texture":"#0","tintindex":0}}},{"name":"hair","from":[5.2830343,2.9346366,8.388076],"to":[8.316985,8.265361,8.388076],"rotation":{"angle":0.0,"axis":"x","origin":[9.054947,6.936981,8.883839]},"faces":{"down":{"uv":[8.09375,5.9375,7.75,5.953125],"rotation":0,"texture":"#0","tintindex":0},"east":{"uv":[5.625,7.5,5.640625,8.109375],"rotation":0,"texture":"#0","tintindex":0},"north":{"uv":[4.03125,2.75,3.6875,3.359375],"rotation":0,"texture":"#0","tintindex":0},"south":{"uv":[3.6875,2.75,4.03125,3.359375],"rotation":0,"texture":"#0","tintindex":0},"up":{"uv":[8.09375,5.828125,7.75,5.8125],"rotation":0,"texture":"#0","tintindex":0},"west":{"uv":[6.875,7.5,6.890625,8.109375],"rotation":0,"texture":"#0","tintindex":0}}}],"display":{"head":{"translation":[0.0,-6.4,0.0],"rotation":[0.0,0.0,0.0],"scale":[3.8095,3.8095,3.8095]}}}