{"textures":{"0":"modelengine:entity/ninetailhuman","1":"modelengine:entity/katanaleft","2":"modelengine:entity/katanaright","3":"modelengine:entity/darkkatanaribbon","4":"modelengine:entity/katanarightblade","5":"modelengine:entity/lightkatanaribbon","6":"modelengine:entity/katanaleftaura","7":"modelengine:entity/katanarightaura"},"elements":[{"name":"box3","from":[7.1420746,4.7352533,6.849692],"to":[8.856916,8.238531,8.564534],"rotation":{"angle":0.0,"axis":"x","origin":[7.9909897,7.7446747,7.530731]},"faces":{"down":{"uv":[3.3125,6.8125,3.484375,6.984375],"rotation":0,"texture":"#0","tintindex":0},"east":{"uv":[0.9375,6.0625,1.109375,6.40625],"rotation":0,"texture":"#0","tintindex":0},"north":{"uv":[2.484375,6.0,2.3125,6.34375],"rotation":0,"texture":"#0","tintindex":0},"south":{"uv":[1.359375,6.0625,1.1875,6.40625],"rotation":0,"texture":"#0","tintindex":0},"up":{"uv":[4.359375,6.296875,4.1875,6.125],"rotation":0,"texture":"#0","tintindex":0},"west":{"uv":[0.9375,6.0625,1.109375,6.40625],"rotation":0,"texture":"#0","tintindex":0}}},{"name":"box4","from":[7.2278166,2.985506,6.935434],"to":[8.771175,4.753424,8.478792],"rotation":{"angle":0.0,"axis":"x","origin":[7.9909897,7.7446747,7.530731]},"faces":{"down":{"uv":[1.25,7.0625,1.40625,7.21875],"rotation":0,"texture":"#0","tintindex":0},"east":{"uv":[6.9375,6.625,7.09375,6.796875],"rotation":0,"texture":"#0","tintindex":0},"north":{"uv":[0.65625,6.875,0.5,7.046875],"rotation":0,"texture":"#0","tintindex":0},"south":{"uv":[7.09375,6.875,6.9375,7.046875],"rotation":0,"texture":"#0","tintindex":0},"up":{"uv":[5.78125,7.21875,5.625,7.0625],"rotation":0,"texture":"#0","tintindex":0},"west":{"uv":[6.9375,6.625,7.09375,6.796875],"rotation":0,"texture":"#0","tintindex":0}}},{"name":"box4","from":[7.2278166,7.200157,6.8481007],"to":[8.771175,8.743515,8.435918],"rotation":{"angle":-22.5,"axis":"x","origin":[7.9909897,7.7446747,7.530731]},"faces":{"down":{"uv":[3.8125,7.0625,3.96875,7.21875],"rotation":0,"texture":"#0","tintindex":0},"east":{"uv":[0.0,7.125,0.15625,7.28125],"rotation":0,"texture":"#0","tintindex":0},"north":{"uv":[6.625,7.0625,6.78125,7.21875],"rotation":0,"texture":"#0","tintindex":0},"south":{"uv":[0.25,7.125,0.40625,7.28125],"rotation":0,"texture":"#0","tintindex":0},"up":{"uv":[0.90625,7.28125,0.75,7.125],"rotation":0,"texture":"#0","tintindex":0},"west":{"uv":[0.5,7.125,0.65625,7.28125],"rotation":0,"texture":"#0","tintindex":0}}}],"display":{"head":{"translation":[0.0,-6.4,0.0],"rotation":[0.0,0.0,0.0],"scale":[3.8095,3.8095,3.8095]}}}