{"textures":{"0":"modelengine:entity/ninetailhuman","1":"modelengine:entity/katanaleft","2":"modelengine:entity/katanaright","3":"modelengine:entity/darkkatanaribbon","4":"modelengine:entity/katanarightblade","5":"modelengine:entity/lightkatanaribbon","6":"modelengine:entity/katanaleftaura","7":"modelengine:entity/katanarightaura"},"elements":[{"name":"box1","from":[6.9139256,4.968357,7.15493],"to":[8.384187,8.569525,8.808649],"rotation":{"angle":-22.5,"axis":"x","origin":[7.2880874,8.338448,8.21282]},"faces":{"down":{"uv":[2.890625,7.125,2.75,7.296875],"rotation":0,"texture":"#0","tintindex":0},"east":{"uv":[5.9375,5.5625,6.109375,5.921875],"rotation":0,"texture":"#0","tintindex":0},"north":{"uv":[4.5,6.375,4.640625,6.734375],"rotation":0,"texture":"#0","tintindex":0},"south":{"uv":[4.640625,6.375,4.5,6.734375],"rotation":0,"texture":"#0","tintindex":0},"up":{"uv":[2.640625,7.296875,2.5,7.125],"rotation":0,"texture":"#0","tintindex":0},"west":{"uv":[6.0,0.875,6.171875,1.234375],"rotation":0,"texture":"#0","tintindex":0}}}],"display":{"head":{"translation":[0.0,-6.4,0.0],"rotation":[0.0,0.0,0.0],"scale":[3.8095,3.8095,3.8095]}}}