{"textures":{"0":"modelengine:entity/ninetailhuman","1":"modelengine:entity/katanaleft","2":"modelengine:entity/katanaright","3":"modelengine:entity/darkkatanaribbon","4":"modelengine:entity/katanarightblade","5":"modelengine:entity/lightkatanaribbon","6":"modelengine:entity/katanaleftaura","7":"modelengine:entity/katanarightaura"},"elements":[{"name":"hair","from":[7.5425634,2.9346366,6.826967],"to":[10.576515,8.265361,6.826967],"rotation":{"angle":0.0,"axis":"x","origin":[7.783366,8.040981,8.590581]},"faces":{"down":{"uv":[8.15625,4.4375,7.8125,4.453125],"rotation":0,"texture":"#0","tintindex":0},"east":{"uv":[1.125,7.5625,1.140625,8.171875],"rotation":0,"texture":"#0","tintindex":0},"north":{"uv":[3.6875,2.75,4.03125,3.359375],"rotation":0,"texture":"#0","tintindex":0},"south":{"uv":[4.03125,2.75,3.6875,3.359375],"rotation":0,"texture":"#0","tintindex":0},"up":{"uv":[8.15625,4.203125,7.8125,4.1875],"rotation":0,"texture":"#0","tintindex":0},"west":{"uv":[1.25,7.5625,1.265625,8.171875],"rotation":0,"texture":"#0","tintindex":0}}},{"name":"hair","from":[7.7532544,2.9346366,8.094818],"to":[10.787207,8.265361,8.094818],"rotation":{"angle":0.0,"axis":"x","origin":[5.023366,6.936981,8.590581]},"faces":{"down":{"uv":[8.15625,6.5,7.8125,6.515625],"rotation":0,"texture":"#0","tintindex":0},"east":{"uv":[1.375,7.5625,1.390625,8.171875],"rotation":0,"texture":"#0","tintindex":0},"north":{"uv":[3.6875,2.75,4.03125,3.359375],"rotation":0,"texture":"#0","tintindex":0},"south":{"uv":[4.03125,2.75,3.6875,3.359375],"rotation":0,"texture":"#0","tintindex":0},"up":{"uv":[8.15625,5.515625,7.8125,5.5],"rotation":0,"texture":"#0","tintindex":0},"west":{"uv":[1.5,7.5625,1.515625,8.171875],"rotation":0,"texture":"#0","tintindex":0}}},{"name":"hair","from":[7.7532544,2.9346366,9.078216],"to":[10.787207,8.265361,9.078216],"rotation":{"angle":0.0,"axis":"x","origin":[5.023366,6.936981,8.590581]},"faces":{"down":{"uv":[8.15625,6.75,7.8125,6.765625],"rotation":0,"texture":"#0","tintindex":0},"east":{"uv":[1.625,7.5625,1.640625,8.171875],"rotation":0,"texture":"#0","tintindex":0},"north":{"uv":[3.6875,2.75,4.03125,3.359375],"rotation":0,"texture":"#0","tintindex":0},"south":{"uv":[4.03125,2.75,3.6875,3.359375],"rotation":0,"texture":"#0","tintindex":0},"up":{"uv":[8.15625,6.640625,7.8125,6.625],"rotation":0,"texture":"#0","tintindex":0},"west":{"uv":[1.75,7.5625,1.765625,8.171875],"rotation":0,"texture":"#0","tintindex":0}}}],"display":{"head":{"translation":[0.0,-6.4,0.0],"rotation":[0.0,0.0,0.0],"scale":[3.8095,3.8095,3.8095]}}}