{"textures":{"0":"modelengine:entity/ninetailhuman","1":"modelengine:entity/katanaleft","2":"modelengine:entity/katanaright","3":"modelengine:entity/darkkatanaribbon","4":"modelengine:entity/katanarightblade","5":"modelengine:entity/lightkatanaribbon","6":"modelengine:entity/katanaleftaura","7":"modelengine:entity/katanarightaura"},"elements":[{"name":"box6","from":[7.275804,8.124575,5.699743],"to":[8.733419,8.754662,8.220087],"rotation":{"angle":-45.0,"axis":"x","origin":[8.004046,8.07781,8.612089]},"faces":{"down":{"uv":[1.515625,6.75,1.375,7.0],"rotation":0,"texture":"#0","tintindex":0},"east":{"uv":[5.4375,3.0,5.6875,3.0625],"rotation":0,"texture":"#0","tintindex":0},"north":{"uv":[7.5,4.3125,7.640625,4.375],"rotation":0,"texture":"#0","tintindex":0},"south":{"uv":[7.5625,2.625,7.703125,2.6875],"rotation":0,"texture":"#0","tintindex":0},"up":{"uv":[6.890625,0.9375,6.75,0.6875],"rotation":0,"texture":"#0","tintindex":0},"west":{"uv":[5.6875,3.0,5.4375,3.0625],"rotation":0,"texture":"#0","tintindex":0}}},{"name":"box8","from":[7.275352,6.8345885,7.3486056],"to":[8.749754,7.928381,8.797804],"rotation":{"angle":-22.5,"axis":"x","origin":[8.004046,8.07781,8.612089]},"faces":{"down":{"uv":[7.390625,0.25,7.25,0.390625],"rotation":0,"texture":"#0","tintindex":0},"east":{"uv":[2.1875,7.375,2.328125,7.484375],"rotation":0,"texture":"#0","tintindex":0},"north":{"uv":[1.9375,7.375,2.078125,7.484375],"rotation":0,"texture":"#0","tintindex":0},"south":{"uv":[2.4375,7.375,2.578125,7.484375],"rotation":0,"texture":"#0","tintindex":0},"up":{"uv":[7.328125,7.015625,7.1875,6.875],"rotation":0,"texture":"#0","tintindex":0},"west":{"uv":[2.328125,7.375,2.1875,7.484375],"rotation":0,"texture":"#0","tintindex":0}}},{"name":"box9","from":[7.2410097,7.613374,5.3267736],"to":[8.750071,8.08972,7.5560684],"rotation":{"angle":-22.5,"axis":"x","origin":[8.004046,8.07781,8.612089]},"faces":{"down":{"uv":[3.96875,6.75,3.8125,6.96875],"rotation":0,"texture":"#0","tintindex":0},"east":{"uv":[7.5,2.125,7.71875,2.171875],"rotation":0,"texture":"#0","tintindex":0},"north":{"uv":[7.6875,3.0625,7.84375,3.109375],"rotation":0,"texture":"#0","tintindex":0},"south":{"uv":[7.6875,3.1875,7.84375,3.234375],"rotation":0,"texture":"#0","tintindex":0},"up":{"uv":[3.71875,6.96875,3.5625,6.75],"rotation":0,"texture":"#0","tintindex":0},"west":{"uv":[7.71875,2.125,7.5,2.171875],"rotation":0,"texture":"#0","tintindex":0}}},{"name":"box11","from":[7.3096037,6.157257,6.6171794],"to":[8.681478,7.109947,8.332022],"rotation":{"angle":0.0,"axis":"x","origin":[8.004046,8.07781,8.612089]},"faces":{"down":{"uv":[7.015625,7.125,6.875,7.296875],"rotation":0,"texture":"#0","tintindex":0},"east":{"uv":[5.3125,7.3125,5.484375,7.40625],"rotation":0,"texture":"#0","tintindex":0},"north":{"uv":[7.4375,1.4375,7.578125,1.53125],"rotation":0,"texture":"#0","tintindex":0},"south":{"uv":[7.4375,1.625,7.578125,1.71875],"rotation":0,"texture":"#0","tintindex":0},"up":{"uv":[7.265625,5.796875,7.125,5.625],"rotation":0,"texture":"#0","tintindex":0},"west":{"uv":[5.484375,7.3125,5.3125,7.40625],"rotation":0,"texture":"#0","tintindex":0}}},{"name":"box7","from":[7.223861,5.839693,8.160538],"to":[8.76722,6.951165,9.360928],"rotation":{"angle":0.0,"axis":"x","origin":[8.004046,8.07781,8.612089]},"faces":{"down":{"uv":[7.28125,4.125,7.125,4.25],"rotation":0,"texture":"#0","tintindex":0},"east":{"uv":[3.5,3.1875,3.625,3.296875],"rotation":0,"texture":"#0","tintindex":0},"north":{"uv":[4.8125,7.3125,4.96875,7.421875],"rotation":0,"texture":"#0","tintindex":0},"south":{"uv":[7.3125,5.0,7.46875,5.109375],"rotation":0,"texture":"#0","tintindex":0},"up":{"uv":[5.53125,5.0,5.375,4.875],"rotation":0,"texture":"#0","tintindex":0},"west":{"uv":[3.625,3.1875,3.5,3.296875],"rotation":0,"texture":"#0","tintindex":0}}},{"name":"box10","from":[7.3102765,5.8628807,4.6033387],"to":[8.68215,6.815571,7.2021403],"rotation":{"angle":0.0,"axis":"x","origin":[8.004046,8.07781,8.612089]},"faces":{"down":{"uv":[5.765625,6.6875,5.625,6.953125],"rotation":0,"texture":"#0","tintindex":0},"east":{"uv":[7.0,0.8125,7.265625,0.90625],"rotation":0,"texture":"#0","tintindex":0},"north":{"uv":[7.4375,1.8125,7.578125,1.90625],"rotation":0,"texture":"#0","tintindex":0},"south":{"uv":[7.4375,2.875,7.578125,2.96875],"rotation":0,"texture":"#0","tintindex":0},"up":{"uv":[6.828125,5.390625,6.6875,5.125],"rotation":0,"texture":"#0","tintindex":0},"west":{"uv":[7.265625,0.8125,7.0,0.90625],"rotation":0,"texture":"#0","tintindex":0}}}],"display":{"head":{"translation":[0.0,-6.4,0.0],"rotation":[0.0,0.0,0.0],"scale":[3.8095,3.8095,3.8095]}}}