{"textures":{"0":"modelengine:entity/ninetailhuman","1":"modelengine:entity/katanaleft","2":"modelengine:entity/katanaright","3":"modelengine:entity/darkkatanaribbon","4":"modelengine:entity/katanarightblade","5":"modelengine:entity/lightkatanaribbon","6":"modelengine:entity/katanaleftaura","7":"modelengine:entity/katanarightaura"},"elements":[{"name":"element","from":[7.8177595,7.3737106,7.874793],"to":[9.643234,8.814036,9.175154],"rotation":{"angle":-22.5,"axis":"z","origin":[9.202595,9.798032,8.136293]},"faces":{"down":{"uv":[7.140625,4.5625,6.9375,4.703125],"rotation":0,"texture":"#0","tintindex":0},"east":{"uv":[6.265625,7.1875,6.125,7.34375],"rotation":0,"texture":"#0","tintindex":0},"north":{"uv":[4.640625,6.8125,4.4375,6.96875],"rotation":0,"texture":"#0","tintindex":0},"south":{"uv":[5.390625,6.8125,5.1875,6.96875],"rotation":0,"texture":"#0","tintindex":0},"up":{"uv":[6.875,1.890625,7.078125,1.75],"rotation":0,"texture":"#0","tintindex":0},"west":{"uv":[6.125,7.1875,6.265625,7.34375],"rotation":0,"texture":"#0","tintindex":0}}},{"name":"element","from":[7.881652,8.814515,7.874793],"to":[9.371835,9.327663,8.850063],"rotation":{"angle":-22.5,"axis":"z","origin":[9.202595,9.798032,8.136293]},"faces":{"down":{"uv":[7.484375,3.625,7.3125,3.734375],"rotation":0,"texture":"#0","tintindex":0},"east":{"uv":[4.984375,2.625,4.875,2.6875],"rotation":0,"texture":"#0","tintindex":0},"north":{"uv":[2.546875,3.25,2.375,3.3125],"rotation":0,"texture":"#0","tintindex":0},"south":{"uv":[5.234375,3.125,5.0625,3.1875],"rotation":0,"texture":"#0","tintindex":0},"up":{"uv":[7.3125,2.796875,7.484375,2.6875],"rotation":0,"texture":"#0","tintindex":0},"west":{"uv":[4.875,2.625,4.984375,2.6875],"rotation":0,"texture":"#0","tintindex":0}}},{"name":"element","from":[8.076374,9.316999,7.874793],"to":[9.069828,9.676203,8.606245],"rotation":{"angle":-22.5,"axis":"z","origin":[9.202595,9.798032,8.136293]},"faces":{"down":{"uv":[7.796875,0.5625,7.6875,0.640625],"rotation":0,"texture":"#0","tintindex":0},"east":{"uv":[8.140625,1.8125,8.0625,1.859375],"rotation":0,"texture":"#0","tintindex":0},"north":{"uv":[6.234375,2.875,6.125,2.921875],"rotation":0,"texture":"#0","tintindex":0},"south":{"uv":[6.171875,6.375,6.0625,6.421875],"rotation":0,"texture":"#0","tintindex":0},"up":{"uv":[7.796875,0.078125,7.6875,0.0],"rotation":0,"texture":"#0","tintindex":0},"west":{"uv":[8.0625,1.8125,8.140625,1.859375],"rotation":0,"texture":"#0","tintindex":0}}},{"name":"element","from":[8.081706,9.675688,7.874793],"to":[8.796993,9.99897,8.397794],"rotation":{"angle":-22.5,"axis":"z","origin":[9.202595,9.798032,8.136293]},"faces":{"down":{"uv":[7.203125,5.875,7.125,5.9375],"rotation":0,"texture":"#0","tintindex":0},"east":{"uv":[8.375,5.0625,8.3125,5.09375],"rotation":0,"texture":"#0","tintindex":0},"north":{"uv":[8.390625,1.5,8.3125,1.53125],"rotation":0,"texture":"#0","tintindex":0},"south":{"uv":[8.390625,1.625,8.3125,1.65625],"rotation":0,"texture":"#0","tintindex":0},"up":{"uv":[6.9375,5.4375,7.015625,5.375],"rotation":0,"texture":"#0","tintindex":0},"west":{"uv":[8.3125,5.0625,8.375,5.09375],"rotation":0,"texture":"#0","tintindex":0}}}],"display":{"head":{"translation":[0.0,-6.4,0.0],"rotation":[0.0,0.0,0.0],"scale":[3.8095,3.8095,3.8095]}}}