{"textures":{"0":"modelengine:entity/ninetailhuman","1":"modelengine:entity/katanaleft","2":"modelengine:entity/katanaright","3":"modelengine:entity/darkkatanaribbon","4":"modelengine:entity/katanarightblade","5":"modelengine:entity/lightkatanaribbon","6":"modelengine:entity/katanaleftaura","7":"modelengine:entity/katanarightaura"},"elements":[{"name":"box2","from":[7.5291495,7.727626,7.2110014],"to":[8.447882,8.6463585,9.048468],"rotation":{"angle":22.5,"axis":"x","origin":[7.988516,8.186992,7.2110014]},"faces":{"down":{"uv":[4.3125,7.5,4.40625,7.3125],"rotation":0,"texture":"#0","tintindex":0},"east":{"uv":[4.40625,7.3125,4.3125,7.5],"rotation":90,"texture":"#0","tintindex":0},"north":{"uv":[7.5625,6.0625,7.65625,6.15625],"rotation":0,"texture":"#0","tintindex":0},"south":{"uv":[7.5625,6.0625,7.65625,6.15625],"rotation":0,"texture":"#0","tintindex":0},"up":{"uv":[4.40625,7.5,4.3125,7.3125],"rotation":0,"texture":"#0","tintindex":0},"west":{"uv":[4.40625,7.3125,4.3125,7.5],"rotation":90,"texture":"#0","tintindex":0}}},{"name":"box3","from":[7.207593,6.408888,8.454181],"to":[8.769439,7.970734,10.567266],"rotation":{"angle":45.0,"axis":"x","origin":[7.988516,7.268259,9.048468]},"faces":{"down":{"uv":[6.96875,0.0,6.8125,0.21875],"rotation":0,"texture":"#0","tintindex":0},"east":{"uv":[6.96875,0.21875,6.8125,0.0],"rotation":90,"texture":"#0","tintindex":0},"north":{"uv":[5.375,7.21875,5.53125,7.0625],"rotation":0,"texture":"#0","tintindex":0},"south":{"uv":[5.375,7.0625,5.53125,7.21875],"rotation":0,"texture":"#0","tintindex":0},"up":{"uv":[6.96875,0.21875,6.8125,0.0],"rotation":0,"texture":"#0","tintindex":0},"west":{"uv":[6.96875,0.21875,6.8125,0.0],"rotation":90,"texture":"#0","tintindex":0}}},{"name":"box4","from":[6.8401,3.4689434,8.821674],"to":[9.136931,6.500761,11.1185055],"rotation":{"angle":-22.5,"axis":"x","origin":[7.988516,6.1546345,10.162092]},"faces":{"down":{"uv":[6.1875,5.5625,6.421875,5.796875],"rotation":0,"texture":"#0","tintindex":0},"east":{"uv":[0.3125,5.875,0.546875,6.171875],"rotation":0,"texture":"#0","tintindex":0},"north":{"uv":[0.3125,5.875,0.546875,6.171875],"rotation":0,"texture":"#0","tintindex":0},"south":{"uv":[0.3125,5.875,0.546875,6.171875],"rotation":0,"texture":"#0","tintindex":0},"up":{"uv":[6.1875,5.5625,6.421875,5.796875],"rotation":0,"texture":"#0","tintindex":0},"west":{"uv":[0.3125,5.875,0.546875,6.171875],"rotation":0,"texture":"#0","tintindex":0}}},{"name":"box5","from":[6.56448,0.8689766,9.372913],"to":[9.504425,4.543908,12.312859],"rotation":{"angle":-22.5,"axis":"x","origin":[7.988516,4.0625286,11.1863]},"faces":{"down":{"uv":[5.734375,2.625,5.4375,2.921875],"rotation":0,"texture":"#0","tintindex":0},"east":{"uv":[1.25,5.3125,1.546875,5.6875],"rotation":0,"texture":"#0","tintindex":0},"north":{"uv":[1.25,5.3125,1.546875,5.6875],"rotation":0,"texture":"#0","tintindex":0},"south":{"uv":[1.546875,5.3125,1.25,5.6875],"rotation":0,"texture":"#0","tintindex":0},"up":{"uv":[5.734375,2.625,5.4375,2.921875],"rotation":0,"texture":"#0","tintindex":0},"west":{"uv":[1.25,5.3125,1.546875,5.6875],"rotation":0,"texture":"#0","tintindex":0}}}],"display":{"head":{"translation":[0.0,-6.4,0.0],"rotation":[0.0,0.0,0.0],"scale":[3.8095,3.8095,3.8095]}}}