{"textures":{"0":"modelengine:entity/ninetailhuman","1":"modelengine:entity/katanaleft","2":"modelengine:entity/katanaright","3":"modelengine:entity/darkkatanaribbon","4":"modelengine:entity/katanarightblade","5":"modelengine:entity/lightkatanaribbon","6":"modelengine:entity/katanaleftaura","7":"modelengine:entity/katanarightaura"},"elements":[{"name":"box6","from":[6.190096,6.0115633,7.6681337],"to":[9.865028,9.686495,12.261798],"rotation":{"angle":22.5,"axis":"x","origin":[7.9816256,7.49234,8.221359]},"faces":{"down":{"uv":[4.828125,2.1875,4.375,1.8125],"rotation":90,"texture":"#0","tintindex":0},"east":{"uv":[4.828125,2.1875,4.375,1.8125],"rotation":0,"texture":"#0","tintindex":0},"north":{"uv":[4.8125,0.4375,5.1875,0.8125],"rotation":0,"texture":"#0","tintindex":0},"south":{"uv":[4.8125,0.4375,5.1875,0.8125],"rotation":0,"texture":"#0","tintindex":0},"up":{"uv":[4.375,2.1875,4.828125,1.8125],"rotation":90,"texture":"#0","tintindex":0},"west":{"uv":[4.375,2.1875,4.828125,1.8125],"rotation":0,"texture":"#0","tintindex":0}}},{"name":"box6","from":[6.5575895,5.09283,11.587304],"to":[9.497534,8.032776,13.424769],"rotation":{"angle":0.0,"axis":"x","origin":[7.9816256,6.5132756,11.357816]},"faces":{"down":{"uv":[4.9375,6.0625,4.75,6.359375],"rotation":90,"texture":"#0","tintindex":0},"east":{"uv":[4.9375,6.0625,4.75,6.359375],"rotation":0,"texture":"#0","tintindex":0},"north":{"uv":[5.734375,2.625,5.4375,2.921875],"rotation":0,"texture":"#0","tintindex":0},"south":{"uv":[5.734375,2.625,5.4375,2.921875],"rotation":0,"texture":"#0","tintindex":0},"up":{"uv":[4.75,6.0625,4.9375,6.359375],"rotation":90,"texture":"#0","tintindex":0},"west":{"uv":[4.75,6.0625,4.9375,6.359375],"rotation":0,"texture":"#0","tintindex":0}}},{"name":"box5","from":[6.833209,5.827817,12.759993],"to":[9.130041,8.124649,14.873079],"rotation":{"angle":-22.5,"axis":"x","origin":[7.9816256,6.7679152,14.008538]},"faces":{"down":{"uv":[4.40625,6.375,4.1875,6.609375],"rotation":90,"texture":"#0","tintindex":0},"east":{"uv":[4.40625,6.375,4.1875,6.609375],"rotation":0,"texture":"#0","tintindex":0},"north":{"uv":[6.1875,5.5625,6.421875,5.796875],"rotation":0,"texture":"#0","tintindex":0},"south":{"uv":[6.1875,5.5625,6.421875,5.796875],"rotation":0,"texture":"#0","tintindex":0},"up":{"uv":[4.1875,6.375,4.40625,6.609375],"rotation":90,"texture":"#0","tintindex":0},"west":{"uv":[4.1875,6.375,4.40625,6.609375],"rotation":0,"texture":"#0","tintindex":0}}},{"name":"box4","from":[7.2007027,6.654676,15.844974],"to":[8.762548,8.216522,17.039326],"rotation":{"angle":-22.5,"axis":"x","origin":[7.9816256,4.2066092,14.732379]},"faces":{"down":{"uv":[7.375,3.1875,7.25,3.34375],"rotation":90,"texture":"#0","tintindex":0},"east":{"uv":[7.375,3.1875,7.25,3.34375],"rotation":0,"texture":"#0","tintindex":0},"north":{"uv":[5.375,7.0625,5.53125,7.21875],"rotation":0,"texture":"#0","tintindex":0},"south":{"uv":[5.375,7.0625,5.53125,7.21875],"rotation":0,"texture":"#0","tintindex":0},"up":{"uv":[7.25,3.1875,7.375,3.34375],"rotation":90,"texture":"#0","tintindex":0},"west":{"uv":[7.25,3.1875,7.375,3.34375],"rotation":0,"texture":"#0","tintindex":0}}},{"name":"box3","from":[7.5222588,8.262459,15.608065],"to":[8.440992,9.181191,16.526798],"rotation":{"angle":-45.0,"axis":"x","origin":[7.9816256,8.190115,16.087978]},"faces":{"down":{"uv":[7.71875,4.125,7.625,4.21875],"rotation":90,"texture":"#0","tintindex":0},"east":{"uv":[7.71875,4.125,7.625,4.21875],"rotation":0,"texture":"#0","tintindex":0},"north":{"uv":[7.5625,6.375,7.65625,6.46875],"rotation":0,"texture":"#0","tintindex":0},"south":{"uv":[4.0625,7.625,4.15625,7.71875],"rotation":0,"texture":"#0","tintindex":0},"up":{"uv":[7.625,4.125,7.71875,4.21875],"rotation":90,"texture":"#0","tintindex":0},"west":{"uv":[7.625,4.125,7.71875,4.21875],"rotation":0,"texture":"#0","tintindex":0}}}],"display":{"head":{"translation":[0.0,-6.4,0.0],"rotation":[0.0,0.0,0.0],"scale":[3.8095,3.8095,3.8095]}}}