{"sources":[{"type":"single","resource":"amaterasu_item_set:amaterasu_item_set/bow"},{"type":"single","resource":"elitecreatures:egyptian_decoration_v1/egyptian_wallpeper_3"},{"type":"single","resource":"elitecreatures:egyptian_decoration_v1/egyptian_wallpeper_2"},{"type":"single","resource":"modelengine:entity/ghastling_2"},{"type":"single","resource":"modelengine:entity/mso_tornado"},{"type":"single","resource":"modelengine:entity/lr_anubis_parts"},{"type":"single","resource":"amaterasu_item_set:amaterasu_item_set/spear"},{"type":"single","resource":"modelengine:entity/katanaleftaura"},{"type":"single","resource":"ninetailboss:entity/ninetailhuman/ninetailhuman"},{"type":"single","resource":"modelengine:entity/xiddri_rock"},{"type":"single","resource":"modelengine:entity/deer_spirit"},{"type":"single","resource":"modelengine:entity/xiddri_rockvfx_small"},{"type":"single","resource":"modelengine:entity/hana_horn"},{"type":"single","resource":"modelengine:entity/ninetailhuman"},{"type":"single","resource":"amaterasu_item_set:amaterasu_item_set/sickle"},{"type":"single","resource":"modelengine:entity/toro_wither_terror"},{"type":"single","resource":"modelengine:entity/xiddri_debris_vfx"},{"type":"single","resource":"ninetailboss:entity/ninetailhuman/katanaright"},{"type":"single","resource":"modelengine:entity/wizpiglin_2_rock"},{"type":"single","resource":"elitecreatures:egyptian_decoration_v1/egyptian_table_3"},{"type":"single","resource":"modelengine:entity/katanaright"},{"type":"single","resource":"modelengine:entity/xiddri_lightning"},{"type":"single","resource":"elitecreatures:egyptian_decoration_v1/egyptian_table_2"},{"type":"single","resource":"amaterasu_item_set:amaterasu_item_set/sword"},{"type":"single","resource":"amaterasu_item_set:amaterasu_item_set/tail"},{"type":"single","resource":"elitecreatures:egyptian_decoration_v1/egyptian_decorate_2"},{"type":"single","resource":"elitecreatures:egyptian_decoration_v1/egyptian_decorate_3"},{"type":"single","resource":"modelengine:entity/lr_anubis_souls"},{"type":"single","resource":"amaterasu_item_set:amaterasu_item_set/axe"},{"type":"single","resource":"modelengine:entity/wizpiglin_2_rift"},{"type":"single","resource":"modelengine:entity/lr_anubis_groundbreak"},{"type":"single","resource":"modelengine:entity/xiddri"},{"type":"single","resource":"modelengine:entity/toro_wither_pool"},{"type":"single","resource":"modelengine:entity/mso_zeus"},{"type":"single","resource":"amaterasu_item_set:amaterasu_item_set/pickaxe"},{"type":"single","resource":"modelengine:entity/lr_anubis_mummy"},{"type":"single","resource":"modelengine:entity/horse"},{"type":"single","resource":"ninetailboss:entity/ninetailhuman/katanaleftaura"},{"type":"single","resource":"elitecreatures:egyptian_decoration_v1/egyptian_cupboard_2"},{"type":"single","resource":"modelengine:entity/stone_sword"},{"type":"single","resource":"modelengine:entity/healing"},{"type":"single","resource":"modelengine:entity/ender_dragon"},{"type":"single","resource":"ninetailboss:entity/ninetailfoxform/ninetailfox"},{"type":"single","resource":"modelengine:entity/lr_anubis_eye"},{"type":"single","resource":"modelengine:entity/lr_anubis_obelisk"},{"type":"single","resource":"modelengine:entity/wizipiglin_2_groundcrack"},{"type":"single","resource":"modelengine:entity/xiddri_fur"},{"type":"single","resource":"modelengine:entity/archangel"},{"type":"single","resource":"ninetailboss:entity/ninetailhuman/katanarightblade"},{"type":"single","resource":"modelengine:entity/light_beam"},{"type":"single","resource":"elitecreatures:egyptian_decoration_v1/egyptian_chair_4"},{"type":"single","resource":"elitecreatures:egyptian_decoration_v1/egyptian_chair_3"},{"type":"single","resource":"elitecreatures:egyptian_decoration_v1/egyptian_chair_2"},{"type":"single","resource":"elitecreatures:egyptian_decoration_v1/egyptian_table"},{"type":"single","resource":"modelengine:entity/lr_anubis_darkmode"},{"type":"single","resource":"modelengine:entity/knight"},{"type":"single","resource":"modelengine:entity/lightkatanaribbon"},{"type":"single","resource":"amaterasu_item_set:amaterasu_item_set/mask"},{"type":"single","resource":"ninetailboss:entity/ninetailhuman/katanaleft"},{"type":"single","resource":"amaterasu_item_set:amaterasu_item_set/eff04"},{"type":"single","resource":"modelengine:entity/katanaleft"},{"type":"single","resource":"amaterasu_item_set:amaterasu_item_set/hoe"},{"type":"single","resource":"elitecreatures:egyptian_decoration_v1/egyptian_wallpeper"},{"type":"single","resource":"modelengine:entity/stomp_shockwave"},{"type":"single","resource":"elitecreatures:egyptian_decoration_v1/egyptian_artifact"},{"type":"single","resource":"amaterasu_item_set:amaterasu_item_set/shield"},{"type":"single","resource":"modelengine:entity/oak_planks"},{"type":"single","resource":"modelengine:entity/darkkatanaribbon"},{"type":"single","resource":"elitecreatures:egyptian_decoration_v1/egyptian_decorate"},{"type":"single","resource":"modelengine:entity/lr_anubis"},{"type":"single","resource":"elitecreatures:egyptian_decoration_v1/egyptian_bed"},{"type":"single","resource":"ninetailboss:entity/ninetailhuman/lightkatanaribbon"},{"type":"single","resource":"modelengine:entity/xiddri_rock_break"},{"type":"single","resource":"modelengine:entity/katanarightaura"},{"type":"single","resource":"ninetailboss:entity/ninetailhuman/katanarightaura"},{"type":"single","resource":"modelengine:entity/ninetailfox"},{"type":"single","resource":"modelengine:entity/0"},{"type":"single","resource":"modelengine:entity/1"},{"type":"single","resource":"modelengine:entity/archangel_spear"},{"type":"single","resource":"elitecreatures:egyptian_decoration_v1/egyptian_jar"},{"type":"single","resource":"elitecreatures:medieval_market_decoration_v1/medeivalmarket_02"},{"type":"single","resource":"elitecreatures:medieval_market_decoration_v1/medeivalmarket_01"},{"type":"single","resource":"elitecreatures:egyptian_decoration_v1/egyptian_plantpot_2"},{"type":"single","resource":"modelengine:entity/wizpiglin_2"},{"type":"single","resource":"modelengine:entity/wizipiglin_2_shot"},{"type":"single","resource":"modelengine:entity/wizpiglin_2_arc"},{"type":"single","resource":"elitecreatures:egyptian_decoration_v1/egyptian_chair"},{"type":"single","resource":"modelengine:entity/archangel_sword"},{"type":"single","resource":"modelengine:entity/xiddri_rock_fly_vfx"},{"type":"single","resource":"amaterasu_item_set:amaterasu_item_set/shovel"},{"type":"single","resource":"modelengine:entity/katanarightblade"},{"type":"single","resource":"ninetailboss:entity/ninetailhuman/darkkatanaribbon"},{"type":"single","resource":"amaterasu_item_set:amaterasu_item_set/eff_02"},{"type":"single","resource":"amaterasu_item_set:amaterasu_item_set/eff_01"},{"type":"single","resource":"amaterasu_item_set:amaterasu_item_set/eff_03"},{"type":"single","resource":"modelengine:entity/toro_wither"},{"type":"single","resource":"elitecreatures:egyptian_decoration_v1/egyptian_plantpot"},{"type":"single","resource":"modelengine:entity/f3267d94f5a35281"},{"type":"single","resource":"elitecreatures:egyptian_decoration_v1/egyptian_cupboard"},{"type":"single","resource":"modelengine:entity/xiddri_tooth"}]}