{"textures":{"0":"modelengine:entity/archangel","1":"modelengine:entity/archangel_sword","2":"modelengine:entity/archangel_spear"},"elements":[{"name":"right_arm","from":[6.9083624,4.515213,6.836403],"to":[9.308363,8.115213,9.2364025],"rotation":{"angle":0.0,"axis":"x","origin":[12.308363,-6.5847874,8.036404]},"faces":{"down":{"uv":[8.254,9.504,8.746,9.996],"rotation":0,"texture":"#0","tintindex":0},"east":{"uv":[3.621,8.504,3.129,9.246],"rotation":0,"texture":"#0","tintindex":0},"north":{"uv":[1.746,8.504,1.254,9.246],"rotation":0,"texture":"#0","tintindex":0},"south":{"uv":[2.996,8.504,2.504,9.246],"rotation":0,"texture":"#0","tintindex":0},"up":{"uv":[7.629,9.996,8.121,9.504],"rotation":0,"texture":"#0","tintindex":0},"west":{"uv":[2.371,8.504,1.879,9.246],"rotation":0,"texture":"#0","tintindex":0}}},{"name":"right_arm","from":[6.608362,5.685214,6.5364027],"to":[8.408362,8.085214,9.536404],"rotation":{"angle":0.0,"axis":"x","origin":[12.308363,-6.5847874,8.036404]},"faces":{"down":{"uv":[4.379,9.754,4.746,10.371],"rotation":0,"texture":"#0","tintindex":0},"east":{"uv":[9.746,7.754,9.129,8.246],"rotation":0,"texture":"#0","tintindex":0},"north":{"uv":[1.121,10.129,0.754,10.621],"rotation":0,"texture":"#0","tintindex":0},"south":{"uv":[6.246,10.129,5.879,10.621],"rotation":0,"texture":"#0","tintindex":0},"up":{"uv":[9.754,1.371,10.121,0.754],"rotation":0,"texture":"#0","tintindex":0},"west":{"uv":[9.746,1.629,9.129,2.121],"rotation":0,"texture":"#0","tintindex":0}}},{"name":"right_arm","from":[8.210182,6.665139,6.5364027],"to":[8.810183,7.115139,9.536404],"rotation":{"angle":0.0,"axis":"x","origin":[12.110183,-6.80486,8.036404]},"faces":{"down":{"uv":[6.379,8.754,6.496,9.371],"rotation":0,"texture":"#0","tintindex":0},"east":{"uv":[11.246,2.879,10.629,2.996],"rotation":0,"texture":"#0","tintindex":0},"north":{"uv":[10.246,6.629,10.129,6.746],"rotation":0,"texture":"#0","tintindex":0},"south":{"uv":[9.371,10.129,9.254,10.246],"rotation":0,"texture":"#0","tintindex":0},"up":{"uv":[3.754,9.121,3.871,8.504],"rotation":0,"texture":"#0","tintindex":0},"west":{"uv":[11.121,8.879,10.504,8.996],"rotation":0,"texture":"#0","tintindex":0}}},{"name":"right_arm","from":[8.060806,6.966081,6.5214033],"to":[8.660807,8.016081,9.551403],"rotation":{"angle":22.5,"axis":"z","origin":[8.360806,7.4160814,8.036404]},"faces":{"down":{"uv":[0.504,10.629,0.621,11.246],"rotation":0,"texture":"#0","tintindex":0},"east":{"uv":[10.496,8.004,9.879,8.246],"rotation":0,"texture":"#0","tintindex":0},"north":{"uv":[10.871,11.004,10.754,11.246],"rotation":0,"texture":"#0","tintindex":0},"south":{"uv":[11.121,11.004,11.004,11.246],"rotation":0,"texture":"#0","tintindex":0},"up":{"uv":[6.379,10.746,6.496,10.129],"rotation":0,"texture":"#0","tintindex":0},"west":{"uv":[8.996,3.129,8.379,3.371],"rotation":0,"texture":"#0","tintindex":0}}},{"name":"right_arm","from":[8.060806,5.754345,6.5214033],"to":[8.660807,6.804345,9.551403],"rotation":{"angle":-22.5,"axis":"z","origin":[8.360806,6.3543453,8.036404]},"faces":{"down":{"uv":[3.004,10.629,3.121,11.246],"rotation":0,"texture":"#0","tintindex":0},"east":{"uv":[10.746,6.254,10.129,6.496],"rotation":0,"texture":"#0","tintindex":0},"north":{"uv":[0.121,11.129,0.004,11.371],"rotation":0,"texture":"#0","tintindex":0},"south":{"uv":[11.246,0.004,11.129,0.246],"rotation":0,"texture":"#0","tintindex":0},"up":{"uv":[2.754,11.246,2.871,10.629],"rotation":0,"texture":"#0","tintindex":0},"west":{"uv":[10.621,3.504,10.004,3.746],"rotation":0,"texture":"#0","tintindex":0}}}],"display":{"head":{"translation":[0.0,-6.4,0.0],"rotation":[0.0,0.0,0.0],"scale":[3.8095,3.8095,3.8095]}}}