{"textures":{"0":"modelengine:entity/archangel","1":"modelengine:entity/archangel_sword","2":"modelengine:entity/archangel_spear"},"elements":[{"name":"right_arm","from":[5.839159,4.6940365,6.8016787],"to":[8.239159,8.294037,9.201679],"rotation":{"angle":0.0,"axis":"x","origin":[11.239159,-10.005964,8.001678]},"faces":{"down":{"uv":[7.004,9.504,7.496,9.996],"rotation":0,"texture":"#0","tintindex":0},"east":{"uv":[1.121,8.504,0.629,9.246],"rotation":0,"texture":"#0","tintindex":0},"north":{"uv":[8.871,2.254,8.379,2.996],"rotation":0,"texture":"#0","tintindex":0},"south":{"uv":[0.496,8.504,0.004,9.246],"rotation":0,"texture":"#0","tintindex":0},"up":{"uv":[9.504,6.746,9.996,6.254],"rotation":0,"texture":"#0","tintindex":0},"west":{"uv":[8.871,6.879,8.379,7.621],"rotation":0,"texture":"#0","tintindex":0}}},{"name":"right_arm","from":[4.779037,7.536434,6.5016785],"to":[7.179037,9.336434,9.501678],"rotation":{"angle":-45.0,"axis":"z","origin":[6.364369,7.3293443,8.001678]},"faces":{"down":{"uv":[9.129,0.879,9.621,1.496],"rotation":0,"texture":"#0","tintindex":0},"east":{"uv":[10.246,6.879,9.629,7.246],"rotation":0,"texture":"#0","tintindex":0},"north":{"uv":[10.621,4.754,10.129,5.121],"rotation":0,"texture":"#0","tintindex":0},"south":{"uv":[10.621,5.254,10.129,5.621],"rotation":0,"texture":"#0","tintindex":0},"up":{"uv":[8.504,0.621,8.996,0.004],"rotation":0,"texture":"#0","tintindex":0},"west":{"uv":[6.496,9.629,5.879,9.996],"rotation":0,"texture":"#0","tintindex":0}}},{"name":"right_arm","from":[3.3776765,6.2846484,7.9716787],"to":[6.377677,9.884649,7.9716787],"rotation":{"angle":-22.5,"axis":"z","origin":[5.1776767,8.384648,8.001678]},"faces":{"down":{"uv":[7.379,5.129,7.996,5.129],"rotation":0,"texture":"#0","tintindex":0},"east":{"uv":[2.629,11.004,2.629,11.746],"rotation":0,"texture":"#0","tintindex":0},"north":{"uv":[8.371,7.754,7.754,8.496],"rotation":0,"texture":"#0","tintindex":0},"south":{"uv":[7.754,7.754,8.371,8.496],"rotation":0,"texture":"#0","tintindex":0},"up":{"uv":[6.254,5.254,6.871,5.242],"rotation":0,"texture":"#0","tintindex":0},"west":{"uv":[4.879,9.754,4.879,10.496],"rotation":0,"texture":"#0","tintindex":0}}},{"name":"right_arm","from":[5.293207,6.536643,6.516679],"to":[7.0932064,8.036643,9.486679],"rotation":{"angle":-22.5,"axis":"z","origin":[6.364369,7.3293443,8.001678]},"faces":{"down":{"uv":[5.379,9.629,5.746,10.246],"rotation":0,"texture":"#0","tintindex":0},"east":{"uv":[10.621,9.629,10.004,9.9375],"rotation":0,"texture":"#0","tintindex":0},"north":{"uv":[10.871,8.379,10.504,8.6875],"rotation":0,"texture":"#0","tintindex":0},"south":{"uv":[10.746,10.504,10.379,10.8125],"rotation":0,"texture":"#0","tintindex":0},"up":{"uv":[9.629,5.621,9.996,5.004],"rotation":0,"texture":"#0","tintindex":0},"west":{"uv":[10.621,4.254,10.004,4.5625],"rotation":0,"texture":"#0","tintindex":0}}},{"name":"right_arm","from":[5.071393,5.506899,6.5016785],"to":[6.8713927,7.006899,9.501678],"rotation":{"angle":0.0,"axis":"x","origin":[6.3072786,7.3382487,8.001678]},"faces":{"down":{"uv":[9.754,0.004,10.121,0.621],"rotation":0,"texture":"#0","tintindex":0},"east":{"uv":[3.121,10.129,2.504,10.4375],"rotation":0,"texture":"#0","tintindex":0},"north":{"uv":[0.371,10.629,0.004,10.9375],"rotation":0,"texture":"#0","tintindex":0},"south":{"uv":[10.996,0.004,10.629,0.3125],"rotation":0,"texture":"#0","tintindex":0},"up":{"uv":[9.504,10.246,9.871,9.629],"rotation":0,"texture":"#0","tintindex":0},"west":{"uv":[0.621,10.129,0.004,10.4375],"rotation":0,"texture":"#0","tintindex":0}}}],"display":{"head":{"translation":[0.0,-6.4,0.0],"rotation":[0.0,0.0,0.0],"scale":[3.8095,3.8095,3.8095]}}}