{"textures":{"0":"modelengine:entity/archangel","1":"modelengine:entity/archangel_sword","2":"modelengine:entity/archangel_spear"},"elements":[{"name":"right_arm","from":[7.760841,4.6940365,6.8016787],"to":[10.160841,8.294037,9.201679],"rotation":{"angle":0.0,"axis":"x","origin":[4.760841,-10.005964,8.001678]},"faces":{"down":{"uv":[7.496,9.504,7.004,9.996],"rotation":0,"texture":"#0","tintindex":0},"east":{"uv":[8.379,6.879,8.871,7.621],"rotation":0,"texture":"#0","tintindex":0},"north":{"uv":[8.379,2.254,8.871,2.996],"rotation":0,"texture":"#0","tintindex":0},"south":{"uv":[0.004,8.504,0.496,9.246],"rotation":0,"texture":"#0","tintindex":0},"up":{"uv":[9.996,6.746,9.504,6.254],"rotation":0,"texture":"#0","tintindex":0},"west":{"uv":[0.629,8.504,1.121,9.246],"rotation":0,"texture":"#0","tintindex":0}}},{"name":"right_arm","from":[8.820963,7.536434,6.5016785],"to":[11.220963,9.336434,9.501678],"rotation":{"angle":45.0,"axis":"z","origin":[9.635632,7.3293443,8.001678]},"faces":{"down":{"uv":[9.621,0.879,9.129,1.496],"rotation":0,"texture":"#0","tintindex":0},"east":{"uv":[5.879,9.629,6.496,9.996],"rotation":0,"texture":"#0","tintindex":0},"north":{"uv":[10.129,4.754,10.621,5.121],"rotation":0,"texture":"#0","tintindex":0},"south":{"uv":[10.129,5.254,10.621,5.621],"rotation":0,"texture":"#0","tintindex":0},"up":{"uv":[8.996,0.621,8.504,0.004],"rotation":0,"texture":"#0","tintindex":0},"west":{"uv":[9.629,6.879,10.246,7.246],"rotation":0,"texture":"#0","tintindex":0}}},{"name":"right_arm","from":[9.622323,6.2846484,7.9716787],"to":[12.622324,9.884649,7.9716787],"rotation":{"angle":22.5,"axis":"z","origin":[10.822324,8.384648,8.001678]},"faces":{"down":{"uv":[7.996,5.129,7.379,5.129],"rotation":0,"texture":"#0","tintindex":0},"east":{"uv":[4.879,9.754,4.879,10.496],"rotation":0,"texture":"#0","tintindex":0},"north":{"uv":[7.754,7.754,8.371,8.496],"rotation":0,"texture":"#0","tintindex":0},"south":{"uv":[8.371,7.754,7.754,8.496],"rotation":0,"texture":"#0","tintindex":0},"up":{"uv":[6.871,5.254,6.254,5.242],"rotation":0,"texture":"#0","tintindex":0},"west":{"uv":[2.629,11.004,2.629,11.746],"rotation":0,"texture":"#0","tintindex":0}}},{"name":"right_arm","from":[8.906794,6.536643,6.516679],"to":[10.706793,8.036643,9.486679],"rotation":{"angle":22.5,"axis":"z","origin":[9.635632,7.3293443,8.001678]},"faces":{"down":{"uv":[5.746,9.629,5.379,10.246],"rotation":0,"texture":"#0","tintindex":0},"east":{"uv":[10.004,4.254,10.621,4.5625],"rotation":0,"texture":"#0","tintindex":0},"north":{"uv":[10.504,8.379,10.871,8.6875],"rotation":0,"texture":"#0","tintindex":0},"south":{"uv":[10.379,10.504,10.746,10.8125],"rotation":0,"texture":"#0","tintindex":0},"up":{"uv":[9.996,5.621,9.629,5.004],"rotation":0,"texture":"#0","tintindex":0},"west":{"uv":[10.004,9.629,10.621,9.9375],"rotation":0,"texture":"#0","tintindex":0}}},{"name":"right_arm","from":[9.128607,5.506899,6.5016785],"to":[10.928608,7.006899,9.501678],"rotation":{"angle":0.0,"axis":"x","origin":[9.69272,7.3382487,8.001678]},"faces":{"down":{"uv":[10.121,0.004,9.754,0.621],"rotation":0,"texture":"#0","tintindex":0},"east":{"uv":[0.004,10.129,0.621,10.4375],"rotation":0,"texture":"#0","tintindex":0},"north":{"uv":[0.004,10.629,0.371,10.9375],"rotation":0,"texture":"#0","tintindex":0},"south":{"uv":[10.629,0.004,10.996,0.3125],"rotation":0,"texture":"#0","tintindex":0},"up":{"uv":[9.871,10.246,9.504,9.629],"rotation":0,"texture":"#0","tintindex":0},"west":{"uv":[2.504,10.129,3.121,10.4375],"rotation":0,"texture":"#0","tintindex":0}}}],"display":{"head":{"translation":[0.0,-6.4,0.0],"rotation":[0.0,0.0,0.0],"scale":[3.8095,3.8095,3.8095]}}}