{"textures":{"0":"modelengine:entity/archangel","1":"modelengine:entity/archangel_sword","2":"modelengine:entity/archangel_spear"},"elements":[{"name":"body","from":[7.1,8.0885,6.668992],"to":[8.9,9.438499,7.298992],"rotation":{"angle":0.0,"axis":"x","origin":[5.3,-2.6215,8.198992]},"faces":{"down":{"uv":[8.996,10.879,8.629,10.996],"rotation":0,"texture":"#0","tintindex":0},"east":{"uv":[10.004,10.879,10.121,11.1875],"rotation":0,"texture":"#0","tintindex":0},"north":{"uv":[10.629,0.504,10.996,0.8125],"rotation":0,"texture":"#0","tintindex":0},"south":{"uv":[10.629,1.004,10.996,1.3125],"rotation":0,"texture":"#0","tintindex":0},"up":{"uv":[8.496,10.996,8.129,10.879],"rotation":0,"texture":"#0","tintindex":0},"west":{"uv":[3.754,11.004,3.871,11.3125],"rotation":0,"texture":"#0","tintindex":0}}},{"name":"body","from":[6.5,8.3885,6.668992],"to":[7.1,9.1385,7.298992],"rotation":{"angle":0.0,"axis":"x","origin":[5.3,-2.6215,8.198992]},"faces":{"down":{"uv":[6.746,11.254,6.629,11.371],"rotation":0,"texture":"#0","tintindex":0},"east":{"uv":[8.379,11.129,8.496,11.3125],"rotation":0,"texture":"#0","tintindex":0},"north":{"uv":[8.129,11.129,8.246,11.3125],"rotation":0,"texture":"#0","tintindex":0},"south":{"uv":[8.629,11.129,8.746,11.3125],"rotation":0,"texture":"#0","tintindex":0},"up":{"uv":[4.121,11.371,4.004,11.254],"rotation":0,"texture":"#0","tintindex":0},"west":{"uv":[8.879,11.129,8.996,11.3125],"rotation":0,"texture":"#0","tintindex":0}}},{"name":"body","from":[5.6,7.8785,6.998992],"to":[10.4,11.4785,9.398993],"rotation":{"angle":0.0,"axis":"x","origin":[5.6,-3.2215,8.198992]},"faces":{"down":{"uv":[8.246,2.879,7.254,3.371],"rotation":0,"texture":"#0","tintindex":0},"east":{"uv":[8.504,7.754,8.996,8.496],"rotation":0,"texture":"#0","tintindex":0},"north":{"uv":[7.129,5.254,8.121,5.996],"rotation":0,"texture":"#0","tintindex":0},"south":{"uv":[7.129,6.129,8.121,6.871],"rotation":0,"texture":"#0","tintindex":0},"up":{"uv":[8.246,2.746,7.254,2.254],"rotation":0,"texture":"#0","tintindex":0},"west":{"uv":[5.129,8.629,5.621,9.371],"rotation":0,"texture":"#0","tintindex":0}}},{"name":"body","from":[5.3,8.793499,6.698992],"to":[6.5,9.393499,9.698992],"rotation":{"angle":0.0,"axis":"x","origin":[10.1,-2.3214998,7.898992]},"faces":{"down":{"uv":[9.121,10.129,8.879,10.746],"rotation":0,"texture":"#0","tintindex":0},"east":{"uv":[10.754,1.504,11.371,1.621],"rotation":0,"texture":"#0","tintindex":0},"north":{"uv":[11.004,8.629,11.246,8.746],"rotation":0,"texture":"#0","tintindex":0},"south":{"uv":[11.129,0.379,11.371,0.496],"rotation":0,"texture":"#0","tintindex":0},"up":{"uv":[8.746,10.746,8.504,10.129],"rotation":0,"texture":"#0","tintindex":0},"west":{"uv":[10.754,1.754,11.371,1.871],"rotation":0,"texture":"#0","tintindex":0}}},{"name":"body","from":[6.453704,8.426247,6.6539917],"to":[8.328704,9.026246,7.298992],"rotation":{"angle":22.5,"axis":"z","origin":[5.5537043,8.726246,8.198992]},"faces":{"down":{"uv":[5.121,10.879,4.754,10.996],"rotation":0,"texture":"#0","tintindex":0},"east":{"uv":[11.129,7.129,11.246,7.246],"rotation":0,"texture":"#0","tintindex":0},"north":{"uv":[10.754,9.504,11.121,9.621],"rotation":0,"texture":"#0","tintindex":0},"south":{"uv":[10.754,9.754,11.121,9.871],"rotation":0,"texture":"#0","tintindex":0},"up":{"uv":[4.621,10.996,4.254,10.879],"rotation":0,"texture":"#0","tintindex":0},"west":{"uv":[1.379,11.254,1.496,11.371],"rotation":0,"texture":"#0","tintindex":0}}},{"name":"body","from":[7.686296,8.426247,6.638992],"to":[9.546296,9.026246,7.298992],"rotation":{"angle":-22.5,"axis":"z","origin":[10.446297,8.726246,8.198992]},"faces":{"down":{"uv":[11.246,6.254,10.879,6.371],"rotation":0,"texture":"#0","tintindex":0},"east":{"uv":[1.629,11.254,1.746,11.371],"rotation":0,"texture":"#0","tintindex":0},"north":{"uv":[10.879,5.754,11.246,5.871],"rotation":0,"texture":"#0","tintindex":0},"south":{"uv":[10.879,6.004,11.246,6.121],"rotation":0,"texture":"#0","tintindex":0},"up":{"uv":[6.496,10.996,6.129,10.879],"rotation":0,"texture":"#0","tintindex":0},"west":{"uv":[1.879,11.254,1.996,11.371],"rotation":0,"texture":"#0","tintindex":0}}},{"name":"body","from":[7.671296,8.560754,6.638992],"to":[9.546296,9.160754,7.298992],"rotation":{"angle":22.5,"axis":"z","origin":[10.446297,8.860754,8.198992]},"faces":{"down":{"uv":[3.621,11.004,3.254,11.121],"rotation":0,"texture":"#0","tintindex":0},"east":{"uv":[3.254,11.254,3.371,11.371],"rotation":0,"texture":"#0","tintindex":0},"north":{"uv":[1.629,11.004,1.996,11.121],"rotation":0,"texture":"#0","tintindex":0},"south":{"uv":[2.129,11.004,2.496,11.121],"rotation":0,"texture":"#0","tintindex":0},"up":{"uv":[11.371,2.371,11.004,2.254],"rotation":0,"texture":"#0","tintindex":0},"west":{"uv":[3.504,11.254,3.621,11.371],"rotation":0,"texture":"#0","tintindex":0}}},{"name":"body","from":[6.453704,8.560754,6.6539917],"to":[8.3137045,9.160754,7.298992],"rotation":{"angle":-22.5,"axis":"z","origin":[5.5537043,8.860754,8.198992]},"faces":{"down":{"uv":[1.496,11.004,1.129,11.121],"rotation":0,"texture":"#0","tintindex":0},"east":{"uv":[2.129,11.254,2.246,11.371],"rotation":0,"texture":"#0","tintindex":0},"north":{"uv":[10.879,9.129,11.246,9.246],"rotation":0,"texture":"#0","tintindex":0},"south":{"uv":[10.879,10.504,11.246,10.621],"rotation":0,"texture":"#0","tintindex":0},"up":{"uv":[11.246,10.871,10.879,10.754],"rotation":0,"texture":"#0","tintindex":0},"west":{"uv":[2.379,11.254,2.496,11.371],"rotation":0,"texture":"#0","tintindex":0}}},{"name":"body","from":[5.3,8.1935,6.698992],"to":[6.5,8.793499,9.698992],"rotation":{"angle":0.0,"axis":"x","origin":[10.1,19.9085,7.898992]},"faces":{"down":{"uv":[10.496,0.004,10.254,0.621],"rotation":0,"texture":"#0","tintindex":0},"east":{"uv":[10.754,2.004,11.371,2.121],"rotation":0,"texture":"#0","tintindex":0},"north":{"uv":[11.129,0.629,11.371,0.746],"rotation":0,"texture":"#0","tintindex":0},"south":{"uv":[0.754,11.129,0.996,11.246],"rotation":0,"texture":"#0","tintindex":0},"up":{"uv":[10.246,10.746,10.004,10.129],"rotation":0,"texture":"#0","tintindex":0},"west":{"uv":[3.254,10.754,3.871,10.871],"rotation":0,"texture":"#0","tintindex":0}}},{"name":"body","from":[6.5,8.3885,9.078434],"to":[7.1,9.1385,9.708433],"rotation":{"angle":0.0,"axis":"x","origin":[5.3,-2.6215,8.178434]},"faces":{"down":{"uv":[6.746,11.371,6.629,11.254],"rotation":0,"texture":"#0","tintindex":0},"east":{"uv":[8.496,11.129,8.379,11.3125],"rotation":0,"texture":"#0","tintindex":0},"north":{"uv":[8.746,11.129,8.629,11.3125],"rotation":0,"texture":"#0","tintindex":0},"south":{"uv":[8.246,11.129,8.129,11.3125],"rotation":0,"texture":"#0","tintindex":0},"up":{"uv":[4.121,11.254,4.004,11.371],"rotation":0,"texture":"#0","tintindex":0},"west":{"uv":[8.996,11.129,8.879,11.3125],"rotation":0,"texture":"#0","tintindex":0}}},{"name":"body","from":[6.453704,8.560754,9.078434],"to":[8.3137045,9.160754,9.723434],"rotation":{"angle":-22.5,"axis":"z","origin":[5.5537043,8.860754,8.178434]},"faces":{"down":{"uv":[1.496,11.121,1.129,11.004],"rotation":0,"texture":"#0","tintindex":0},"east":{"uv":[2.246,11.254,2.129,11.371],"rotation":0,"texture":"#0","tintindex":0},"north":{"uv":[11.246,10.504,10.879,10.621],"rotation":0,"texture":"#0","tintindex":0},"south":{"uv":[11.246,9.129,10.879,9.246],"rotation":0,"texture":"#0","tintindex":0},"up":{"uv":[11.246,10.754,10.879,10.871],"rotation":0,"texture":"#0","tintindex":0},"west":{"uv":[2.496,11.254,2.379,11.371],"rotation":0,"texture":"#0","tintindex":0}}},{"name":"body","from":[7.671296,8.560754,9.078434],"to":[9.546296,9.160754,9.738434],"rotation":{"angle":22.5,"axis":"z","origin":[10.446297,8.860754,8.178434]},"faces":{"down":{"uv":[3.621,11.121,3.254,11.004],"rotation":0,"texture":"#0","tintindex":0},"east":{"uv":[3.371,11.254,3.254,11.371],"rotation":0,"texture":"#0","tintindex":0},"north":{"uv":[2.496,11.004,2.129,11.121],"rotation":0,"texture":"#0","tintindex":0},"south":{"uv":[1.996,11.004,1.629,11.121],"rotation":0,"texture":"#0","tintindex":0},"up":{"uv":[11.371,2.254,11.004,2.371],"rotation":0,"texture":"#0","tintindex":0},"west":{"uv":[3.621,11.254,3.504,11.371],"rotation":0,"texture":"#0","tintindex":0}}},{"name":"body","from":[7.1,8.0885,9.078434],"to":[8.9,9.438499,9.708433],"rotation":{"angle":0.0,"axis":"x","origin":[5.3,-2.6215,8.178434]},"faces":{"down":{"uv":[8.996,10.996,8.629,10.879],"rotation":0,"texture":"#0","tintindex":0},"east":{"uv":[10.121,10.879,10.004,11.1875],"rotation":0,"texture":"#0","tintindex":0},"north":{"uv":[10.996,1.004,10.629,1.3125],"rotation":0,"texture":"#0","tintindex":0},"south":{"uv":[10.996,0.504,10.629,0.8125],"rotation":0,"texture":"#0","tintindex":0},"up":{"uv":[8.496,10.879,8.129,10.996],"rotation":0,"texture":"#0","tintindex":0},"west":{"uv":[3.871,11.004,3.754,11.3125],"rotation":0,"texture":"#0","tintindex":0}}},{"name":"body","from":[6.453704,8.426247,9.078434],"to":[8.328704,9.026246,9.723434],"rotation":{"angle":22.5,"axis":"z","origin":[5.5537043,8.726246,8.178434]},"faces":{"down":{"uv":[5.121,10.996,4.754,10.879],"rotation":0,"texture":"#0","tintindex":0},"east":{"uv":[11.246,7.129,11.129,7.246],"rotation":0,"texture":"#0","tintindex":0},"north":{"uv":[11.121,9.754,10.754,9.871],"rotation":0,"texture":"#0","tintindex":0},"south":{"uv":[11.121,9.504,10.754,9.621],"rotation":0,"texture":"#0","tintindex":0},"up":{"uv":[4.621,10.879,4.254,10.996],"rotation":0,"texture":"#0","tintindex":0},"west":{"uv":[1.496,11.254,1.379,11.371],"rotation":0,"texture":"#0","tintindex":0}}},{"name":"body","from":[7.686296,8.426247,9.078434],"to":[9.546296,9.026246,9.738434],"rotation":{"angle":-22.5,"axis":"z","origin":[10.446297,8.726246,8.178434]},"faces":{"down":{"uv":[11.246,6.371,10.879,6.254],"rotation":0,"texture":"#0","tintindex":0},"east":{"uv":[1.746,11.254,1.629,11.371],"rotation":0,"texture":"#0","tintindex":0},"north":{"uv":[11.246,6.004,10.879,6.121],"rotation":0,"texture":"#0","tintindex":0},"south":{"uv":[11.246,5.754,10.879,5.871],"rotation":0,"texture":"#0","tintindex":0},"up":{"uv":[6.496,10.879,6.129,10.996],"rotation":0,"texture":"#0","tintindex":0},"west":{"uv":[1.996,11.254,1.879,11.371],"rotation":0,"texture":"#0","tintindex":0}}},{"name":"body","from":[9.5,8.793499,6.698992],"to":[10.700001,9.393499,9.698992],"rotation":{"angle":0.0,"axis":"x","origin":[5.8999996,-2.3214998,7.898992]},"faces":{"down":{"uv":[10.371,8.379,10.129,8.996],"rotation":0,"texture":"#0","tintindex":0},"east":{"uv":[10.629,3.129,11.246,3.246],"rotation":0,"texture":"#0","tintindex":0},"north":{"uv":[9.129,8.379,9.371,8.496],"rotation":0,"texture":"#0","tintindex":0},"south":{"uv":[9.629,2.879,9.871,2.996],"rotation":0,"texture":"#0","tintindex":0},"up":{"uv":[8.371,10.746,8.129,10.129],"rotation":0,"texture":"#0","tintindex":0},"west":{"uv":[10.629,8.004,11.246,8.121],"rotation":0,"texture":"#0","tintindex":0}}},{"name":"body","from":[9.5,8.1935,6.698992],"to":[10.700001,8.793499,9.698992],"rotation":{"angle":0.0,"axis":"x","origin":[5.8999996,19.9085,7.898992]},"faces":{"down":{"uv":[10.621,1.504,10.379,2.121],"rotation":0,"texture":"#0","tintindex":0},"east":{"uv":[10.754,3.379,11.371,3.496],"rotation":0,"texture":"#0","tintindex":0},"north":{"uv":[11.129,0.879,11.371,0.996],"rotation":0,"texture":"#0","tintindex":0},"south":{"uv":[11.129,1.129,11.371,1.246],"rotation":0,"texture":"#0","tintindex":0},"up":{"uv":[10.496,1.371,10.254,0.754],"rotation":0,"texture":"#0","tintindex":0},"west":{"uv":[10.754,3.629,11.371,3.746],"rotation":0,"texture":"#0","tintindex":0}}},{"name":"body","from":[8.9,8.3885,6.668992],"to":[9.5,9.1385,7.298992],"rotation":{"angle":0.0,"axis":"x","origin":[10.700001,-2.6215,8.198992]},"faces":{"down":{"uv":[7.246,11.254,7.129,11.371],"rotation":0,"texture":"#0","tintindex":0},"east":{"uv":[9.379,11.129,9.496,11.3125],"rotation":0,"texture":"#0","tintindex":0},"north":{"uv":[9.129,11.129,9.246,11.3125],"rotation":0,"texture":"#0","tintindex":0},"south":{"uv":[9.629,11.129,9.746,11.3125],"rotation":0,"texture":"#0","tintindex":0},"up":{"uv":[6.996,11.371,6.879,11.254],"rotation":0,"texture":"#0","tintindex":0},"west":{"uv":[1.129,11.254,1.246,11.4375],"rotation":0,"texture":"#0","tintindex":0}}},{"name":"body","from":[8.9,8.3885,9.078434],"to":[9.5,9.1385,9.708433],"rotation":{"angle":0.0,"axis":"x","origin":[10.700001,-2.6215,8.178434]},"faces":{"down":{"uv":[7.246,11.371,7.129,11.254],"rotation":0,"texture":"#0","tintindex":0},"east":{"uv":[9.496,11.129,9.379,11.3125],"rotation":0,"texture":"#0","tintindex":0},"north":{"uv":[9.746,11.129,9.629,11.3125],"rotation":0,"texture":"#0","tintindex":0},"south":{"uv":[9.246,11.129,9.129,11.3125],"rotation":0,"texture":"#0","tintindex":0},"up":{"uv":[6.996,11.254,6.879,11.371],"rotation":0,"texture":"#0","tintindex":0},"west":{"uv":[1.246,11.254,1.129,11.4375],"rotation":0,"texture":"#0","tintindex":0}}},{"name":"body","from":[6.8,6.2885,6.6839924],"to":[9.2,8.238501,6.6839924],"rotation":{"angle":0.0,"axis":"x","origin":[5.6,-2.6215,8.198992]},"faces":{"down":{"uv":[11.496,2.504,11.004,2.492],"rotation":0,"texture":"#0","tintindex":0},"east":{"uv":[5.004,8.879,4.992,9.3125],"rotation":0,"texture":"#0","tintindex":0},"north":{"uv":[9.879,7.379,10.371,7.8125],"rotation":0,"texture":"#0","tintindex":0},"south":{"uv":[10.371,7.379,9.879,7.8125],"rotation":0,"texture":"#0","tintindex":0},"up":{"uv":[10.746,5.754,10.254,5.742],"rotation":0,"texture":"#0","tintindex":0},"west":{"uv":[4.254,9.879,4.242,10.3125],"rotation":0,"texture":"#0","tintindex":0}}},{"name":"body","from":[6.8,4.3385,6.6839924],"to":[9.2,6.2885,6.6839924],"rotation":{"angle":0.0,"axis":"x","origin":[10.4,-2.6215,8.198992]},"faces":{"down":{"uv":[11.004,10.379,11.496,10.379],"rotation":0,"texture":"#0","tintindex":0},"east":{"uv":[11.379,2.629,11.379,3.0625],"rotation":0,"texture":"#0","tintindex":0},"north":{"uv":[2.371,10.004,1.879,10.4375],"rotation":0,"texture":"#0","tintindex":0},"south":{"uv":[10.496,2.879,10.004,3.3125],"rotation":0,"texture":"#0","tintindex":0},"up":{"uv":[11.004,7.879,11.496,7.879],"rotation":0,"texture":"#0","tintindex":0},"west":{"uv":[3.254,10.129,3.242,10.5625],"rotation":0,"texture":"#0","tintindex":0}}}],"display":{"head":{"translation":[0.0,-6.4,0.0],"rotation":[0.0,0.0,0.0],"scale":[3.8095,3.8095,3.8095]}}}