{"textures":{"0":"modelengine:entity/deer_spirit"},"elements":[{"name":"cube","from":[8.0,-8.8,8.0],"to":[8.6,7.4,8.0],"rotation":{"angle":0.0,"axis":"x","origin":[21.8,-7.000001,8.0]},"faces":{"down":{"uv":[0.0,0.0,0.0625,0.0],"rotation":0,"texture":"#0","tintindex":0},"east":{"uv":[0.0,0.0,0.0,1.6875],"rotation":0,"texture":"#0","tintindex":0},"north":{"uv":[0.0,0.0,0.0625,1.6875],"rotation":0,"texture":"#0","tintindex":0},"south":{"uv":[0.0,0.0,0.0625,1.6875],"rotation":0,"texture":"#0","tintindex":0},"up":{"uv":[0.0,0.0,0.0625,0.0],"rotation":0,"texture":"#0","tintindex":0},"west":{"uv":[0.0,0.0,0.0,1.6875],"rotation":0,"texture":"#0","tintindex":0}}},{"name":"cube","from":[-2.3500004,-14.05,5.6],"to":[-1.7500005,-6.8500004,5.6],"rotation":{"angle":-45.0,"axis":"z","origin":[21.8,-7.000001,8.0]},"faces":{"down":{"uv":[0.0,0.0,0.0625,0.0],"rotation":0,"texture":"#0","tintindex":0},"east":{"uv":[0.0,0.0,0.0,0.75],"rotation":0,"texture":"#0","tintindex":0},"north":{"uv":[0.0,0.0,0.0625,0.75],"rotation":0,"texture":"#0","tintindex":0},"south":{"uv":[0.0,0.0,0.0625,0.75],"rotation":0,"texture":"#0","tintindex":0},"up":{"uv":[0.0,0.0,0.0625,0.0],"rotation":0,"texture":"#0","tintindex":0},"west":{"uv":[0.0,0.0,0.0,0.75],"rotation":0,"texture":"#0","tintindex":0}}}],"display":{"head":{"translation":[0.0,-6.4,0.0],"rotation":[0.0,0.0,0.0],"scale":[3.8095,3.8095,3.8095]}}}