{"textures":{"0":"modelengine:entity/deer_spirit"},"elements":[{"name":"cube","from":[6.6499996,4.25,5.1499996],"to":[9.5,7.1,8.15],"rotation":{"angle":22.5,"axis":"y","origin":[8.6,20.3,6.8]},"faces":{"down":{"uv":[11.5,9.125,11.1875,9.4375],"rotation":0,"texture":"#0","tintindex":0},"east":{"uv":[11.1875,7.3125,11.5,7.625],"rotation":0,"texture":"#0","tintindex":0},"north":{"uv":[11.1875,6.0,11.5,6.3125],"rotation":0,"texture":"#0","tintindex":0},"south":{"uv":[11.1875,7.625,11.5,7.9375],"rotation":0,"texture":"#0","tintindex":0},"up":{"uv":[11.5,9.125,11.1875,8.8125],"rotation":0,"texture":"#0","tintindex":0},"west":{"uv":[11.1875,8.5,11.5,8.8125],"rotation":0,"texture":"#0","tintindex":0}}},{"name":"cube","from":[6.8,5.8999996,6.05],"to":[9.2,8.75,8.45],"rotation":{"angle":22.5,"axis":"y","origin":[8.6,20.3,6.8]},"faces":{"down":{"uv":[11.9375,3.875,11.6875,4.125],"rotation":0,"texture":"#0","tintindex":0},"east":{"uv":[5.5,11.5,5.75,11.8125],"rotation":0,"texture":"#0","tintindex":0},"north":{"uv":[11.5,5.125,11.75,5.4375],"rotation":0,"texture":"#0","tintindex":0},"south":{"uv":[5.75,11.5,6.0,11.8125],"rotation":0,"texture":"#0","tintindex":0},"up":{"uv":[3.5,11.9375,3.25,11.6875],"rotation":0,"texture":"#0","tintindex":0},"west":{"uv":[11.5,5.875,11.75,6.1875],"rotation":0,"texture":"#0","tintindex":0}}},{"name":"cube","from":[7.55,4.25,7.7],"to":[9.8,6.6499996,11.15],"rotation":{"angle":0.0,"axis":"x","origin":[8.6,20.3,6.8]},"faces":{"down":{"uv":[9.9375,11.375,9.6875,11.75],"rotation":0,"texture":"#0","tintindex":0},"east":{"uv":[10.6875,11.375,11.0625,11.625],"rotation":0,"texture":"#0","tintindex":0},"north":{"uv":[11.6875,4.125,11.9375,4.375],"rotation":0,"texture":"#0","tintindex":0},"south":{"uv":[7.875,11.6875,8.125,11.9375],"rotation":0,"texture":"#0","tintindex":0},"up":{"uv":[4.6875,11.75,4.4375,11.375],"rotation":0,"texture":"#0","tintindex":0},"west":{"uv":[11.375,10.875,11.75,11.125],"rotation":0,"texture":"#0","tintindex":0}}},{"name":"cube","from":[5.75,4.25,5.1499996],"to":[8.0,6.95,11.15],"rotation":{"angle":0.0,"axis":"x","origin":[8.6,20.3,6.8]},"faces":{"down":{"uv":[7.875,10.9375,7.625,11.5625],"rotation":0,"texture":"#0","tintindex":0},"east":{"uv":[10.25,9.125,10.875,9.4375],"rotation":0,"texture":"#0","tintindex":0},"north":{"uv":[6.0,11.5,6.25,11.8125],"rotation":0,"texture":"#0","tintindex":0},"south":{"uv":[6.25,11.5,6.5,11.8125],"rotation":0,"texture":"#0","tintindex":0},"up":{"uv":[11.1875,7.9375,10.9375,7.3125],"rotation":0,"texture":"#0","tintindex":0},"west":{"uv":[10.25,9.4375,10.875,9.75],"rotation":0,"texture":"#0","tintindex":0}}}],"display":{"head":{"translation":[0.0,-6.4,0.0],"rotation":[0.0,0.0,0.0],"scale":[3.8095,3.8095,3.8095]}}}