{"parent":"item/generated","textures":{"layer0":"item/potion_overlay","layer1":"item/potion"},"overrides":[{"predicate":{"custom_model_data":10000},"model":"ninetailboss:entity/ninetailhuman/body"},{"predicate":{"custom_model_data":10001},"model":"ninetailboss:entity/ninetailhuman/leftarm"},{"predicate":{"custom_model_data":10002},"model":"ninetailboss:entity/ninetailhuman/leftwrist"},{"predicate":{"custom_model_data":10003},"model":"ninetailboss:entity/ninetailhuman/leftthigh"},{"predicate":{"custom_model_data":10004},"model":"ninetailboss:entity/ninetailhuman/leftleg"},{"predicate":{"custom_model_data":10005},"model":"ninetailboss:entity/ninetailhuman/neck"},{"predicate":{"custom_model_data":10006},"model":"ninetailboss:entity/ninetailhuman/head"},{"predicate":{"custom_model_data":10007},"model":"ninetailboss:entity/ninetailhuman/lefthairup"},{"predicate":{"custom_model_data":10008},"model":"ninetailboss:entity/ninetailhuman/righthairup"},{"predicate":{"custom_model_data":10009},"model":"ninetailboss:entity/ninetailhuman/backhairup"},{"predicate":{"custom_model_data":10010},"model":"ninetailboss:entity/ninetailhuman/rightthigh"},{"predicate":{"custom_model_data":10011},"model":"ninetailboss:entity/ninetailhuman/rightfoot"},{"predicate":{"custom_model_data":10012},"model":"ninetailboss:entity/ninetailhuman/rightleg"},{"predicate":{"custom_model_data":10013},"model":"ninetailboss:entity/ninetailhuman/frontdress"},{"predicate":{"custom_model_data":10014},"model":"ninetailboss:entity/ninetailhuman/backdress"},{"predicate":{"custom_model_data":10015},"model":"ninetailboss:entity/ninetailhuman/backdressbottom"},{"predicate":{"custom_model_data":10016},"model":"ninetailboss:entity/ninetailhuman/frontdressbottom"},{"predicate":{"custom_model_data":10017},"model":"ninetailboss:entity/ninetailhuman/lefthairdown"},{"predicate":{"custom_model_data":10018},"model":"ninetailboss:entity/ninetailhuman/righthairdown"},{"predicate":{"custom_model_data":10019},"model":"ninetailboss:entity/ninetailhuman/backhairdown"},{"predicate":{"custom_model_data":10020},"model":"ninetailboss:entity/ninetailhuman/tailup"},{"predicate":{"custom_model_data":10021},"model":"ninetailboss:entity/ninetailhuman/taildown"},{"predicate":{"custom_model_data":10022},"model":"ninetailboss:entity/ninetailhuman/leftear"},{"predicate":{"custom_model_data":10023},"model":"ninetailboss:entity/ninetailhuman/rightear"},{"predicate":{"custom_model_data":10024},"model":"ninetailboss:entity/ninetailhuman/lefthand"},{"predicate":{"custom_model_data":10025},"model":"ninetailboss:entity/ninetailhuman/katanaleft"},{"predicate":{"custom_model_data":10026},"model":"ninetailboss:entity/ninetailhuman/leftfoot"},{"predicate":{"custom_model_data":10027},"model":"ninetailboss:entity/ninetailhuman/rightarm"},{"predicate":{"custom_model_data":10028},"model":"ninetailboss:entity/ninetailhuman/righthand"},{"predicate":{"custom_model_data":10029},"model":"ninetailboss:entity/ninetailhuman/rightwrist"},{"predicate":{"custom_model_data":10030},"model":"ninetailboss:entity/ninetailhuman/katanaright"},{"predicate":{"custom_model_data":10031},"model":"ninetailboss:entity/ninetailfoxform/head"},{"predicate":{"custom_model_data":10032},"model":"ninetailboss:entity/ninetailfoxform/lowerjaw"},{"predicate":{"custom_model_data":10033},"model":"ninetailboss:entity/ninetailfoxform/leftear"},{"predicate":{"custom_model_data":10034},"model":"ninetailboss:entity/ninetailfoxform/upperneck"},{"predicate":{"custom_model_data":10035},"model":"ninetailboss:entity/ninetailfoxform/lowerneck"},{"predicate":{"custom_model_data":10036},"model":"ninetailboss:entity/ninetailfoxform/body"},{"predicate":{"custom_model_data":10037},"model":"ninetailboss:entity/ninetailfoxform/lefthip"},{"predicate":{"custom_model_data":10038},"model":"ninetailboss:entity/ninetailfoxform/leftknee"},{"predicate":{"custom_model_data":10039},"model":"ninetailboss:entity/ninetailfoxform/leftankle"},{"predicate":{"custom_model_data":10040},"model":"ninetailboss:entity/ninetailfoxform/leftshoulder"},{"predicate":{"custom_model_data":10041},"model":"ninetailboss:entity/ninetailfoxform/leftelbow"},{"predicate":{"custom_model_data":10042},"model":"ninetailboss:entity/ninetailfoxform/leftfingers"},{"predicate":{"custom_model_data":10043},"model":"ninetailboss:entity/ninetailfoxform/leftwrist"},{"predicate":{"custom_model_data":10044},"model":"ninetailboss:entity/ninetailfoxform/tailup3"},{"predicate":{"custom_model_data":10045},"model":"ninetailboss:entity/ninetailfoxform/taildown3"},{"predicate":{"custom_model_data":10046},"model":"ninetailboss:entity/ninetailfoxform/rightear"},{"predicate":{"custom_model_data":10047},"model":"ninetailboss:entity/ninetailfoxform/rightankle"},{"predicate":{"custom_model_data":10048},"model":"ninetailboss:entity/ninetailfoxform/rightknee"},{"predicate":{"custom_model_data":10049},"model":"ninetailboss:entity/ninetailfoxform/righthip"},{"predicate":{"custom_model_data":10050},"model":"ninetailboss:entity/ninetailfoxform/rightwrist"},{"predicate":{"custom_model_data":10051},"model":"ninetailboss:entity/ninetailfoxform/rightfingers"},{"predicate":{"custom_model_data":10052},"model":"ninetailboss:entity/ninetailfoxform/rightelbow"},{"predicate":{"custom_model_data":10053},"model":"ninetailboss:entity/ninetailfoxform/rightshoulder"},{"predicate":{"custom_model_data":10054},"model":"ninetailboss:entity/ninetailfoxform/tailup6"},{"predicate":{"custom_model_data":10055},"model":"ninetailboss:entity/ninetailfoxform/taildown6"},{"predicate":{"custom_model_data":10056},"model":"ninetailboss:entity/ninetailfoxform/tailup10"},{"predicate":{"custom_model_data":10057},"model":"ninetailboss:entity/ninetailfoxform/taildown10"},{"predicate":{"custom_model_data":10058},"model":"ninetailboss:entity/ninetailfoxform/tailup8"},{"predicate":{"custom_model_data":10059},"model":"ninetailboss:entity/ninetailfoxform/taildown8"},{"predicate":{"custom_model_data":10060},"model":"ninetailboss:entity/ninetailfoxform/tailup9"},{"predicate":{"custom_model_data":10061},"model":"ninetailboss:entity/ninetailfoxform/taildown9"},{"predicate":{"custom_model_data":10062},"model":"ninetailboss:entity/ninetailfoxform/tailup5"},{"predicate":{"custom_model_data":10063},"model":"ninetailboss:entity/ninetailfoxform/taildown5"},{"predicate":{"custom_model_data":10064},"model":"ninetailboss:entity/ninetailfoxform/tailup7"},{"predicate":{"custom_model_data":10065},"model":"ninetailboss:entity/ninetailfoxform/taildown7"},{"predicate":{"custom_model_data":10066},"model":"ninetailboss:entity/ninetailfoxform/tailup2"},{"predicate":{"custom_model_data":10067},"model":"ninetailboss:entity/ninetailfoxform/taildown2"},{"predicate":{"custom_model_data":10068},"model":"ninetailboss:entity/ninetailfoxform/tailup4"},{"predicate":{"custom_model_data":10069},"model":"ninetailboss:entity/ninetailfoxform/taildown4"},{"predicate":{"custom_model_data":10070},"model":"item/potion"}]}