{"textures":{"0":"modelengine:entity/ghastling_2"},"elements":[{"name":"cube","from":[5.6,7.8410664,3.0170884],"to":[10.4,10.841066,3.0170884],"rotation":{"angle":0.0,"axis":"x","origin":[8.0,9.791066,5.4170885]},"faces":{"down":{"uv":[1.0,0.0,0.0,0.0],"rotation":0,"texture":"#0","tintindex":0},"east":{"uv":[0.0,0.0,0.0,0.625],"rotation":0,"texture":"#0","tintindex":0},"north":{"uv":[0.0,6.5,1.0,7.125],"rotation":0,"texture":"#0","tintindex":0},"south":{"uv":[1.0,6.5,2.0,7.125],"rotation":0,"texture":"#0","tintindex":0},"up":{"uv":[1.0,0.0,0.0,0.0],"rotation":0,"texture":"#0","tintindex":0},"west":{"uv":[0.0,0.0,0.0,0.625],"rotation":0,"texture":"#0","tintindex":0}}},{"name":"cube","from":[10.4,7.8410664,3.0170884],"to":[10.4,10.841066,7.8170886],"rotation":{"angle":0.0,"axis":"x","origin":[8.0,9.791066,5.4170885]},"faces":{"down":{"uv":[0.0,0.0,0.0,1.0],"rotation":0,"texture":"#0","tintindex":0},"east":{"uv":[2.0,7.25,3.0,7.875],"rotation":0,"texture":"#0","tintindex":0},"north":{"uv":[0.0,0.0,0.0,0.625],"rotation":0,"texture":"#0","tintindex":0},"south":{"uv":[0.0,0.0,0.0,0.625],"rotation":0,"texture":"#0","tintindex":0},"up":{"uv":[0.0,1.0,0.0,0.0],"rotation":0,"texture":"#0","tintindex":0},"west":{"uv":[3.0,7.25,4.0,7.875],"rotation":0,"texture":"#0","tintindex":0}}},{"name":"cube","from":[5.6,7.8410664,3.0170884],"to":[5.6,10.841066,7.8170886],"rotation":{"angle":0.0,"axis":"x","origin":[8.0,9.791066,5.4170885]},"faces":{"down":{"uv":[0.0,0.0,0.0,1.0],"rotation":0,"texture":"#0","tintindex":0},"east":{"uv":[4.0,7.25,5.0,7.875],"rotation":0,"texture":"#0","tintindex":0},"north":{"uv":[0.0,0.0,0.0,0.625],"rotation":0,"texture":"#0","tintindex":0},"south":{"uv":[0.0,0.0,0.0,0.625],"rotation":0,"texture":"#0","tintindex":0},"up":{"uv":[0.0,1.0,0.0,0.0],"rotation":0,"texture":"#0","tintindex":0},"west":{"uv":[5.0,7.25,6.0,7.875],"rotation":0,"texture":"#0","tintindex":0}}},{"name":"cube","from":[5.6,9.641066,3.0170884],"to":[10.4,10.841066,7.8170886],"rotation":{"angle":0.0,"axis":"x","origin":[8.0,9.791066,5.4170885]},"faces":{"down":{"uv":[4.0,6.25,3.0,7.25],"rotation":0,"texture":"#0","tintindex":0},"east":{"uv":[10.75,4.5,11.75,4.75],"rotation":0,"texture":"#0","tintindex":0},"north":{"uv":[10.5,2.875,11.5,3.125],"rotation":0,"texture":"#0","tintindex":0},"south":{"uv":[10.125,2.5,11.125,2.75],"rotation":0,"texture":"#0","tintindex":0},"up":{"uv":[3.0,7.25,2.0,6.25],"rotation":0,"texture":"#0","tintindex":0},"west":{"uv":[10.0,1.25,11.0,1.5],"rotation":0,"texture":"#0","tintindex":0}}},{"name":"cube","from":[5.6,7.8410664,7.8170886],"to":[10.4,10.841066,7.8170886],"rotation":{"angle":0.0,"axis":"x","origin":[8.0,9.791066,5.4170885]},"faces":{"down":{"uv":[1.0,0.0,0.0,0.0],"rotation":0,"texture":"#0","tintindex":0},"east":{"uv":[0.0,0.0,0.0,0.625],"rotation":0,"texture":"#0","tintindex":0},"north":{"uv":[0.0,7.125,1.0,7.75],"rotation":0,"texture":"#0","tintindex":0},"south":{"uv":[1.0,7.125,2.0,7.75],"rotation":0,"texture":"#0","tintindex":0},"up":{"uv":[1.0,0.0,0.0,0.0],"rotation":0,"texture":"#0","tintindex":0},"west":{"uv":[0.0,0.0,0.0,0.625],"rotation":0,"texture":"#0","tintindex":0}}},{"name":"cube","from":[5.6,5.270831,3.945456],"to":[10.4,8.270831,3.945456],"rotation":{"angle":-22.5,"axis":"x","origin":[8.0,5.120831,6.345456]},"faces":{"down":{"uv":[1.0,0.0,0.0,0.0],"rotation":0,"texture":"#0","tintindex":0},"east":{"uv":[0.0,0.0,0.0,0.625],"rotation":0,"texture":"#0","tintindex":0},"north":{"uv":[6.0,7.0,7.0,7.625],"rotation":0,"texture":"#0","tintindex":0},"south":{"uv":[7.0,7.0,8.0,7.625],"rotation":0,"texture":"#0","tintindex":0},"up":{"uv":[1.0,0.0,0.0,0.0],"rotation":0,"texture":"#0","tintindex":0},"west":{"uv":[0.0,0.0,0.0,0.625],"rotation":0,"texture":"#0","tintindex":0}}},{"name":"cube","from":[5.6,5.270831,8.745457],"to":[10.4,8.270831,8.745457],"rotation":{"angle":-22.5,"axis":"x","origin":[8.0,5.120831,6.345456]},"faces":{"down":{"uv":[1.0,0.0,0.0,0.0],"rotation":0,"texture":"#0","tintindex":0},"east":{"uv":[0.0,0.0,0.0,0.625],"rotation":0,"texture":"#0","tintindex":0},"north":{"uv":[6.0,7.625,7.0,8.25],"rotation":0,"texture":"#0","tintindex":0},"south":{"uv":[7.0,7.625,8.0,8.25],"rotation":0,"texture":"#0","tintindex":0},"up":{"uv":[1.0,0.0,0.0,0.0],"rotation":0,"texture":"#0","tintindex":0},"west":{"uv":[0.0,0.0,0.0,0.625],"rotation":0,"texture":"#0","tintindex":0}}},{"name":"cube","from":[10.4,5.270831,3.945456],"to":[10.4,8.270831,8.745457],"rotation":{"angle":-22.5,"axis":"x","origin":[8.0,5.120831,6.345456]},"faces":{"down":{"uv":[0.0,0.0,0.0,1.0],"rotation":0,"texture":"#0","tintindex":0},"east":{"uv":[0.0,7.75,1.0,8.375],"rotation":0,"texture":"#0","tintindex":0},"north":{"uv":[0.0,0.0,0.0,0.625],"rotation":0,"texture":"#0","tintindex":0},"south":{"uv":[0.0,0.0,0.0,0.625],"rotation":0,"texture":"#0","tintindex":0},"up":{"uv":[0.0,1.0,0.0,0.0],"rotation":0,"texture":"#0","tintindex":0},"west":{"uv":[1.0,7.75,2.0,8.375],"rotation":0,"texture":"#0","tintindex":0}}},{"name":"cube","from":[5.6,5.270831,3.945456],"to":[5.6,8.270831,8.745457],"rotation":{"angle":-22.5,"axis":"x","origin":[8.0,5.120831,6.345456]},"faces":{"down":{"uv":[0.0,0.0,0.0,1.0],"rotation":0,"texture":"#0","tintindex":0},"east":{"uv":[2.0,7.875,3.0,8.5],"rotation":0,"texture":"#0","tintindex":0},"north":{"uv":[0.0,0.0,0.0,0.625],"rotation":0,"texture":"#0","tintindex":0},"south":{"uv":[0.0,0.0,0.0,0.625],"rotation":0,"texture":"#0","tintindex":0},"up":{"uv":[0.0,1.0,0.0,0.0],"rotation":0,"texture":"#0","tintindex":0},"west":{"uv":[3.0,7.875,4.0,8.5],"rotation":0,"texture":"#0","tintindex":0}}},{"name":"cube","from":[5.6,5.270831,3.945456],"to":[10.4,6.470831,8.745457],"rotation":{"angle":-22.5,"axis":"x","origin":[8.0,5.120831,6.345456]},"faces":{"down":{"uv":[6.0,6.25,5.0,7.25],"rotation":0,"texture":"#0","tintindex":0},"east":{"uv":[10.0,1.375,11.0,1.625],"rotation":0,"texture":"#0","tintindex":0},"north":{"uv":[10.875,4.5,11.875,4.75],"rotation":0,"texture":"#0","tintindex":0},"south":{"uv":[10.125,2.125,11.125,2.375],"rotation":0,"texture":"#0","tintindex":0},"up":{"uv":[5.0,7.25,4.0,6.25],"rotation":0,"texture":"#0","tintindex":0},"west":{"uv":[10.0,3.25,11.0,3.5],"rotation":0,"texture":"#0","tintindex":0}}}],"display":{"head":{"translation":[0.0,-6.4,0.0],"rotation":[0.0,0.0,0.0],"scale":[3.8095,3.8095,3.8095]}}}