{
	"credit": "Made with Blockbench",
	"textures": {
		"0": "amaterasu_item_set:amaterasu_item_set/eff_01",
		"3": "amaterasu_item_set:amaterasu_item_set/eff_03",
		"4": "amaterasu_item_set:amaterasu_item_set/eff04",
		"5": "amaterasu_item_set:amaterasu_item_set/sickle",
		"particle": "amaterasu_item_set:amaterasu_item_set/eff_01"
	},
	"elements": [
		{
			"from": [7.5, -4.50835, 4.51465],
			"to": [8.5, 3.49165, 5.51465],
			"rotation": {"angle": 0, "axis": "y", "origin": [7.5, 2.49165, 4.51465]},
			"faces": {
				"north": {"uv": [9.6, 0, 10, 3.2], "texture": "#5"},
				"east": {"uv": [9.6, 3.2, 10, 6.4], "texture": "#5"},
				"south": {"uv": [9.6, 6.4, 10, 9.6], "texture": "#5"},
				"west": {"uv": [9.6, 9.6, 10, 12.8], "texture": "#5"},
				"up": {"uv": [1.6, 12.8, 1.2, 12.4], "texture": "#5"},
				"down": {"uv": [12.8, 1.2, 12.4, 1.6], "texture": "#5"}
			}
		},
		{
			"from": [7.5, 2.99582, 6.00733],
			"to": [8.5, 10.99582, 7.00733],
			"rotation": {"angle": 22.5, "axis": "x", "origin": [8, 6.99582, 6.50733]},
			"faces": {
				"north": {"uv": [9.6, 0, 10, 3.2], "texture": "#5"},
				"east": {"uv": [9.6, 3.2, 10, 6.4], "texture": "#5"},
				"south": {"uv": [9.6, 6.4, 10, 9.6], "texture": "#5"},
				"west": {"uv": [9.6, 9.6, 10, 12.8], "texture": "#5"},
				"up": {"uv": [1.6, 12.8, 1.2, 12.4], "texture": "#5"},
				"down": {"uv": [12.8, 1.2, 12.4, 1.6], "texture": "#5"}
			}
		},
		{
			"from": [7.5, 10.5, 7.5],
			"to": [8.5, 18.5, 8.5],
			"rotation": {"angle": 0, "axis": "y", "origin": [7.5, 17.5, 7.5]},
			"faces": {
				"north": {"uv": [9.6, 0, 10, 3.2], "texture": "#5"},
				"east": {"uv": [9.6, 3.2, 10, 6.4], "texture": "#5"},
				"south": {"uv": [9.6, 6.4, 10, 9.6], "texture": "#5"},
				"west": {"uv": [9.6, 9.6, 10, 12.8], "texture": "#5"},
				"up": {"uv": [1.6, 12.8, 1.2, 12.4], "texture": "#5"},
				"down": {"uv": [12.8, 1.2, 12.4, 1.6], "texture": "#5"}
			}
		},
		{
			"from": [8, 12.83871, -6.25],
			"to": [8, 21.33871, 22.25],
			"rotation": {"angle": 0, "axis": "y", "origin": [8, 17.08871, 8]},
			"faces": {
				"north": {"uv": [0, 3.4, 0, 0], "rotation": 180, "texture": "#5"},
				"east": {"uv": [0, 0, 3.4, 11.4], "rotation": 90, "texture": "#5"},
				"south": {"uv": [0, 0, 0, 3.4], "texture": "#5"},
				"west": {"uv": [3.6, 0, 7, 11.4], "rotation": 270, "texture": "#5"},
				"up": {"uv": [0, 0, 0, 11.4], "texture": "#5"},
				"down": {"uv": [0, 0, 0, 11.4], "rotation": 180, "texture": "#5"}
			}
		},
		{
			"from": [7.25, 15.65433, 7],
			"to": [8.75, 17.65433, 9],
			"rotation": {"angle": -45, "axis": "x", "origin": [8, 16.65433, 8]},
			"faces": {
				"north": {"uv": [10.8, 0, 11.4, 0.8], "texture": "#5"},
				"east": {"uv": [10, 0, 10.8, 0.8], "texture": "#5"},
				"south": {"uv": [10.8, 0.8, 11.4, 1.6], "texture": "#5"},
				"west": {"uv": [10, 0.8, 10.8, 1.6], "texture": "#5"},
				"up": {"uv": [11.4, 2.4, 10.8, 1.6], "texture": "#5"},
				"down": {"uv": [11.4, 2.4, 10.8, 3.2], "texture": "#5"}
			}
		},
		{
			"from": [7.75, 16.29953, 3.15598],
			"to": [8.25, 17.79953, 4.65598],
			"rotation": {"angle": 45, "axis": "x", "origin": [7.95, 17.05774, 3.89777]},
			"faces": {
				"north": {"uv": [4.7, 12.6, 4.4, 12], "rotation": 180, "texture": "#5"},
				"east": {"uv": [10, 11.2, 10.6, 11.8], "rotation": 90, "texture": "#5"},
				"south": {"uv": [12.3, 4.4, 12, 5], "texture": "#5"},
				"west": {"uv": [10.8, 11.2, 11.4, 11.8], "rotation": 270, "texture": "#5"},
				"up": {"uv": [4, 12, 4.3, 12.6], "texture": "#5"},
				"down": {"uv": [3.6, 12, 3.9, 12.6], "rotation": 180, "texture": "#5"}
			}
		},
		{
			"from": [7.5, 16.69095, 3.51456],
			"to": [8.5, 17.44095, 4.26456],
			"rotation": {"angle": 45, "axis": "x", "origin": [7.95, 17.05774, 3.89777]},
			"faces": {
				"north": {"uv": [12.9, 9.1, 12.4, 8.8], "rotation": 180, "texture": "#5"},
				"east": {"uv": [12.8, 1.6, 13.1, 1.9], "rotation": 90, "texture": "#5"},
				"south": {"uv": [12.9, 9.2, 12.4, 9.5], "texture": "#5"},
				"west": {"uv": [12.8, 2, 13.1, 2.3], "rotation": 270, "texture": "#5"},
				"up": {"uv": [12.4, 8.4, 12.9, 8.7], "texture": "#5"},
				"down": {"uv": [12.4, 8, 12.9, 8.3], "rotation": 180, "texture": "#5"}
			}
		},
		{
			"from": [7.5, 16.54239, 5.06037],
			"to": [8.5, 17.54239, 6.56037],
			"rotation": {"angle": 22.5, "axis": "x", "origin": [8, 17.04239, 5.56037]},
			"faces": {
				"north": {"uv": [1.6, 12.4, 2, 12.8], "texture": "#5"},
				"east": {"uv": [11.6, 4, 12.2, 4.4], "texture": "#5"},
				"south": {"uv": [12.4, 1.6, 12.8, 2], "texture": "#5"},
				"west": {"uv": [4.4, 11.6, 5, 12], "texture": "#5"},
				"up": {"uv": [12, 5, 11.6, 4.4], "texture": "#5"},
				"down": {"uv": [5.6, 11.6, 5.2, 12.2], "texture": "#5"}
			}
		},
		{
			"from": [7.6, 16.90604, 4.58202],
			"to": [8.4, 18.40604, 5.38202],
			"rotation": {"angle": -22.5, "axis": "x", "origin": [8, 17.65604, 5.08202]},
			"faces": {
				"north": {"uv": [12, 9.6, 12.3, 10.2], "texture": "#5"},
				"east": {"uv": [10, 12, 10.3, 12.6], "texture": "#5"},
				"south": {"uv": [10.4, 12, 10.7, 12.6], "texture": "#5"},
				"west": {"uv": [12, 10.4, 12.3, 11], "texture": "#5"},
				"up": {"uv": [13.1, 2.7, 12.8, 2.4], "texture": "#5"},
				"down": {"uv": [13.1, 2.8, 12.8, 3.1], "texture": "#5"}
			}
		},
		{
			"from": [7.7, 15.77336, 4.00799],
			"to": [8.3, 18.02336, 4.60799],
			"rotation": {"angle": 22.5, "axis": "x", "origin": [8, 17.27336, 4.50799]},
			"faces": {
				"north": {"uv": [10.8, 12, 11, 12.9], "texture": "#5"},
				"east": {"uv": [11.2, 12, 11.4, 12.9], "texture": "#5"},
				"south": {"uv": [12, 11.2, 12.2, 12.1], "texture": "#5"},
				"west": {"uv": [0, 12.4, 0.2, 13.3], "texture": "#5"},
				"up": {"uv": [13, 5, 12.8, 4.8], "texture": "#5"},
				"down": {"uv": [5.4, 12.8, 5.2, 13], "texture": "#5"}
			}
		},
		{
			"from": [7.5, 15.15512, 9.23714],
			"to": [8.5, 16.65512, 10.23714],
			"rotation": {"angle": -45, "axis": "x", "origin": [8, 15.03225, 9.73552]},
			"faces": {
				"north": {"uv": [12, 5, 11.6, 4.4], "rotation": 180, "texture": "#5"},
				"east": {"uv": [11.6, 4, 12.2, 4.4], "rotation": 90, "texture": "#5"},
				"south": {"uv": [5.6, 11.6, 5.2, 12.2], "texture": "#5"},
				"west": {"uv": [4.4, 11.6, 5, 12], "rotation": 270, "texture": "#5"},
				"up": {"uv": [12.4, 1.6, 12.8, 2], "texture": "#5"},
				"down": {"uv": [1.6, 12.4, 2, 12.8], "rotation": 180, "texture": "#5"}
			}
		},
		{
			"from": [6.75, 16.15433, 7.5],
			"to": [9.25, 17.15433, 8.5],
			"rotation": {"angle": -45, "axis": "x", "origin": [8, 16.65433, 8]},
			"faces": {
				"north": {"uv": [10.8, 9.6, 11.8, 10], "texture": "#5"},
				"east": {"uv": [12.4, 4.4, 12.8, 4.8], "texture": "#5"},
				"south": {"uv": [10.8, 10, 11.8, 10.4], "texture": "#5"},
				"west": {"uv": [12.4, 4.8, 12.8, 5.2], "texture": "#5"},
				"up": {"uv": [11.8, 10.8, 10.8, 10.4], "texture": "#5"},
				"down": {"uv": [11.8, 10.8, 10.8, 11.2], "texture": "#5"}
			}
		},
		{
			"from": [7.25, 10.15433, 7.4],
			"to": [8.75, 11.15433, 8.4],
			"rotation": {"angle": -45, "axis": "x", "origin": [8.5, 10.65433, 7.9]},
			"faces": {
				"north": {"uv": [10.8, 9.6, 11.8, 10], "texture": "#5"},
				"east": {"uv": [12.4, 4.4, 12.8, 4.8], "texture": "#5"},
				"south": {"uv": [10.8, 10, 11.8, 10.4], "texture": "#5"},
				"west": {"uv": [12.4, 4.8, 12.8, 5.2], "texture": "#5"},
				"up": {"uv": [11.8, 10.8, 10.8, 10.4], "texture": "#5"},
				"down": {"uv": [11.8, 10.8, 10.8, 11.2], "texture": "#5"}
			}
		},
		{
			"from": [7.25, 2.90433, 4.5],
			"to": [8.75, 3.90433, 5.5],
			"rotation": {"angle": -45, "axis": "x", "origin": [8.5, 3.40433, 5]},
			"faces": {
				"north": {"uv": [10.8, 9.6, 11.8, 10], "texture": "#5"},
				"east": {"uv": [12.4, 4.4, 12.8, 4.8], "texture": "#5"},
				"south": {"uv": [10.8, 10, 11.8, 10.4], "texture": "#5"},
				"west": {"uv": [12.4, 4.8, 12.8, 5.2], "texture": "#5"},
				"up": {"uv": [11.8, 10.8, 10.8, 10.4], "texture": "#5"},
				"down": {"uv": [11.8, 10.8, 10.8, 11.2], "texture": "#5"}
			}
		},
		{
			"from": [7, 16.22198, 8.00936],
			"to": [9, 17.72198, 9.00936],
			"rotation": {"angle": 45, "axis": "x", "origin": [8, 16.9561, 9.07716]},
			"faces": {
				"north": {"uv": [10.8, 3.2, 11.6, 3.8], "texture": "#5"},
				"east": {"uv": [11.6, 5.2, 12, 5.8], "texture": "#5"},
				"south": {"uv": [10.8, 4, 11.6, 4.6], "texture": "#5"},
				"west": {"uv": [5.6, 11.6, 6, 12.2], "texture": "#5"},
				"up": {"uv": [4.4, 12, 3.6, 11.6], "texture": "#5"},
				"down": {"uv": [12.4, 3.6, 11.6, 4], "texture": "#5"}
			}
		},
		{
			"from": [7.6, 16.18813, 6.28327],
			"to": [8.4, 17.18813, 7.28327],
			"rotation": {"angle": 0, "axis": "y", "origin": [8, 16.68813, 6.78327]},
			"faces": {
				"north": {"uv": [12.7, 10, 12.4, 10.4], "texture": "#5"},
				"east": {"uv": [12.8, 3.6, 12.4, 4], "texture": "#5"},
				"south": {"uv": [12.7, 9.6, 12.4, 10], "texture": "#5"},
				"west": {"uv": [12.8, 4, 12.4, 4.4], "texture": "#5"},
				"up": {"uv": [12.7, 10.4, 12.4, 10.8], "texture": "#5"},
				"down": {"uv": [12.7, 11.2, 12.4, 10.8], "texture": "#5"}
			}
		},
		{
			"from": [7, -5.10402, 4.01465],
			"to": [9, -3.10402, 6.01465],
			"rotation": {"angle": -45, "axis": "x", "origin": [8, -4.10402, 5.01465]},
			"faces": {
				"north": {"uv": [10, 1.6, 10.8, 2.4], "texture": "#5"},
				"east": {"uv": [10, 2.4, 10.8, 3.2], "texture": "#5"},
				"south": {"uv": [10, 3.2, 10.8, 4], "texture": "#5"},
				"west": {"uv": [10, 4, 10.8, 4.8], "texture": "#5"},
				"up": {"uv": [10.8, 5.6, 10, 4.8], "texture": "#5"},
				"down": {"uv": [10.8, 5.6, 10, 6.4], "texture": "#5"}
			}
		},
		{
			"from": [7.25, -6.37499, 4.26465],
			"to": [8.75, -4.37499, 5.76465],
			"rotation": {"angle": 0, "axis": "y", "origin": [8, -6.13513, 4.89091]},
			"faces": {
				"north": {"uv": [11.4, 6.4, 10.8, 7.2], "texture": "#5"},
				"east": {"uv": [11.4, 5.6, 10.8, 6.4], "texture": "#5"},
				"south": {"uv": [11.4, 4.8, 10.8, 5.6], "texture": "#5"},
				"west": {"uv": [11.4, 7.2, 10.8, 8], "texture": "#5"},
				"up": {"uv": [2.2, 11.6, 1.6, 12.2], "texture": "#5"},
				"down": {"uv": [12.2, 2.2, 11.6, 1.6], "texture": "#5"}
			}
		},
		{
			"from": [7.5, -7.89527, 4.51465],
			"to": [8.5, -5.89527, 5.51465],
			"rotation": {"angle": 0, "axis": "y", "origin": [8, -6.89527, 5.01465]},
			"faces": {
				"north": {"uv": [12, 2.8, 11.6, 3.6], "rotation": 180, "texture": "#5"},
				"east": {"uv": [3.2, 11.6, 2.4, 12], "rotation": 90, "texture": "#5"},
				"south": {"uv": [3.6, 12.4, 3.2, 11.6], "texture": "#5"},
				"west": {"uv": [12.4, 2.4, 11.6, 2.8], "rotation": 270, "texture": "#5"},
				"up": {"uv": [12.8, 0.4, 12.4, 0.8], "texture": "#5"},
				"down": {"uv": [12.8, 0.8, 12.4, 1.2], "rotation": 180, "texture": "#5"}
			}
		},
		{
			"from": [8, -9.35721, 5.01465],
			"to": [8, -4.35721, 8.01465],
			"rotation": {"angle": -45, "axis": "x", "origin": [8, -6.1574, 5.28065]},
			"faces": {
				"north": {"uv": [0, 0, 0, 10], "rotation": 180, "texture": "#4"},
				"east": {"uv": [16, 0, 0, 16], "rotation": 180, "texture": "#4"},
				"south": {"uv": [0, 0, 0, 10], "rotation": 180, "texture": "#4"},
				"west": {"uv": [0, 0, 16, 16], "rotation": 180, "texture": "#4"},
				"up": {"uv": [0, 0, 0, 10], "texture": "#4"},
				"down": {"uv": [0, 0, 0, 10], "texture": "#4"}
			}
		},
		{
			"from": [8.1, 15.32322, 9.24549],
			"to": [8.1, 18.32322, 12.24549],
			"rotation": {"angle": -22.5, "axis": "x", "origin": [8.1, 16.07426, 10.24392]},
			"faces": {
				"north": {"uv": [0, 0, 0, 10], "rotation": 180, "texture": "#4"},
				"east": {"uv": [16, 0, 0, 16], "rotation": 270, "texture": "#4"},
				"south": {"uv": [0, 0, 0, 10], "texture": "#4"},
				"west": {"uv": [0, 0, 16, 16], "rotation": 90, "texture": "#4"},
				"up": {"uv": [0, 0, 0, 10], "rotation": 180, "texture": "#4"},
				"down": {"uv": [0, 0, 0, 10], "texture": "#4"}
			}
		},
		{
			"from": [7.9, 13.82426, 9.24392],
			"to": [7.9, 16.82426, 12.24392],
			"rotation": {"angle": 45, "axis": "x", "origin": [7.9, 16.07426, 10.24392]},
			"faces": {
				"north": {"uv": [0, 0, 0, 10], "texture": "#3"},
				"east": {"uv": [16, 0, 0, 16], "texture": "#3"},
				"south": {"uv": [0, 0, 0, 10], "texture": "#3"},
				"west": {"uv": [0, 0, 16, 16], "texture": "#3"},
				"up": {"uv": [0, 0, 0, 10], "texture": "#3"},
				"down": {"uv": [0, 0, 0, 10], "texture": "#3"}
			}
		},
		{
			"from": [8, -8.78513, 1.41324],
			"to": [8, -3.78513, 6.41324],
			"rotation": {"angle": 22.5, "axis": "x", "origin": [8, -6.28513, 3.91324]},
			"faces": {
				"north": {"uv": [0, 0, 0, 10], "texture": "#3"},
				"east": {"uv": [16, 16, 0, 0], "rotation": 270, "texture": "#3"},
				"south": {"uv": [0, 0, 0, 10], "rotation": 180, "texture": "#3"},
				"west": {"uv": [0, 16, 16, 0], "rotation": 90, "texture": "#3"},
				"up": {"uv": [0, 10, 0, 0], "rotation": 180, "texture": "#3"},
				"down": {"uv": [0, 10, 0, 0], "texture": "#3"}
			}
		},
		{
			"from": [8, 19, 6.5],
			"to": [8, 23, 10.5],
			"rotation": {"angle": 0, "axis": "y", "origin": [7.9, 10, 9.25]},
			"faces": {
				"north": {"uv": [0, 0, 0, 10], "texture": "#0"},
				"east": {"uv": [16, 0, 0, 16], "texture": "#0"},
				"south": {"uv": [0, 0, 0, 10], "texture": "#0"},
				"west": {"uv": [16, 0, 0, 16], "texture": "#0"},
				"up": {"uv": [0, 0, 0, 10], "texture": "#0"},
				"down": {"uv": [0, 0, 0, 10], "texture": "#0"}
			}
		}
	],
	"gui_light": "front",
	"display": {
		"thirdperson_righthand": {
			"translation": [0, 3.25, 3.75],
			"scale": [1.14219, 1.14219, 1.14219]
		},
		"thirdperson_lefthand": {
			"translation": [0, 3.25, 3.75],
			"scale": [1.14219, 1.14219, 1.14219]
		},
		"firstperson_righthand": {
			"rotation": [-17.87, 8.01, 8.96],
			"translation": [14.25, -3.5, -9.25],
			"scale": [1.82031, 1.82031, 1.82031]
		},
		"firstperson_lefthand": {
			"rotation": [-17.87, 8.01, 8.96],
			"translation": [14.25, -3.5, -9.25],
			"scale": [1.82031, 1.82031, 1.82031]
		},
		"ground": {
			"rotation": [0, 0, -77],
			"translation": [1.75, 2.25, 1.25],
			"scale": [1.07813, 1.07813, 1.07813]
		},
		"gui": {
			"rotation": [90, -135, 90],
			"translation": [-1.25, 1, 0],
			"scale": [0.59883, 0.59883, 0.59883]
		},
		"head": {
			"scale": [0, 0, 0]
		},
		"fixed": {
			"rotation": [-90, 90, 90],
			"translation": [5, 2.5, -2.25],
			"scale": [2.05195, 2.05195, 2.05195]
		}
	},
	"groups": [
		{
			"name": "sickle",
			"origin": [8, 8, 8],
			"color": 0,
			"nbt": "{}",
			"armAnimationEnabled": false,
			"children": [
				{
					"name": "cube",
					"origin": [8.5, -6.5, 8.5],
					"color": 0,
					"nbt": "{}",
					"armAnimationEnabled": false,
					"children": [0, 1, 2, 3, 4, 5, 6, 7, 8, 9, 10, 11, 12, 13, 14, 15, 16, 17, 18]
				},
				{
					"name": "effect",
					"origin": [8, 2.75, 9.75],
					"color": 0,
					"nbt": "{}",
					"armAnimationEnabled": false,
					"children": [19, 20, 21, 22, 23]
				}
			]
		}
	]
}