{"credit":"Made with Blockbench","texture_size":[40,40],"textures":{"0":"amaterasu_item_set:amaterasu_item_set/eff_01","2":"amaterasu_item_set:amaterasu_item_set/eff_02","3":"amaterasu_item_set:amaterasu_item_set/eff_03","4":"amaterasu_item_set:amaterasu_item_set/eff04","5":"amaterasu_item_set:amaterasu_item_set/sword","particle":"amaterasu_item_set:amaterasu_item_set/eff_01"},"elements":[{"from":[7.5,-7.57678,8.57322],"to":[8.5,-6.57678,10.57322],"rotation":{"angle":22.5,"axis":"x","origin":[8,-7.07678,9.57322]},"faces":{"north":{"uv":[12.4,0.4,12.8,0.8],"texture":"#5"},"east":{"uv":[2.4,11.6,3.2,12],"texture":"#5"},"south":{"uv":[12.4,0.8,12.8,1.2],"texture":"#5"},"west":{"uv":[11.6,2.4,12.4,2.8],"texture":"#5"},"up":{"uv":[12,3.6,11.6,2.8],"texture":"#5"},"down":{"uv":[3.6,11.6,3.2,12.4],"texture":"#5"}}},{"from":[7.5,-5.5,7.5],"to":[8.5,2.5,8.5],"rotation":{"angle":0,"axis":"y","origin":[7.5,1.5,7.5]},"faces":{"north":{"uv":[9.6,0,10,3.2],"texture":"#5"},"east":{"uv":[9.6,3.2,10,6.4],"texture":"#5"},"south":{"uv":[9.6,6.4,10,9.6],"texture":"#5"},"west":{"uv":[9.6,9.6,10,12.8],"texture":"#5"},"up":{"uv":[1.6,12.8,1.2,12.4],"texture":"#5"},"down":{"uv":[12.8,1.2,12.4,1.6],"texture":"#5"}}},{"from":[7.75,3,6.5],"to":[8.25,21.5,9],"rotation":{"angle":0,"axis":"y","origin":[7.5,8.5,7.5]},"faces":{"north":{"uv":[8.8,0,9,7.4],"texture":"#5"},"east":{"uv":[7.2,0,8.2,7.4],"texture":"#5"},"south":{"uv":[8.8,7.6,9,15],"texture":"#5"},"west":{"uv":[7.2,7.6,8.2,15],"texture":"#5"},"up":{"uv":[11.8,7.4,11.6,6.4],"texture":"#5"},"down":{"uv":[7,11.6,6.8,12.6],"texture":"#5"}}},{"from":[7.7,21.16567,6.93078],"to":[8.3,23.66567,8.18078],"rotation":{"angle":22.5,"axis":"x","origin":[8.05,22.41567,7.55578]},"faces":{"north":{"uv":[11.6,7.6,11.8,8.6],"texture":"#5"},"east":{"uv":[10,6.4,10.5,7.4],"texture":"#5"},"south":{"uv":[11.6,11.2,11.8,12.2],"texture":"#5"},"west":{"uv":[10,7.6,10.5,8.6],"texture":"#5"},"up":{"uv":[12.6,11.7,12.4,11.2],"texture":"#5"},"down":{"uv":[11.8,12.4,11.6,12.9],"texture":"#5"}}},{"from":[7.75,21.5,7.75],"to":[8.25,24,9],"rotation":{"angle":0,"axis":"x","origin":[8.05,22.75,8.375]},"faces":{"north":{"uv":[2.4,12,2.6,13],"texture":"#5"},"east":{"uv":[10,8.8,10.5,9.8],"texture":"#5"},"south":{"uv":[2.8,12,3,13],"texture":"#5"},"west":{"uv":[10,10,10.5,11],"texture":"#5"},"up":{"uv":[12.2,12.9,12,12.4],"texture":"#5"},"down":{"uv":[12.6,12,12.4,12.5],"texture":"#5"}}},{"from":[7.7,23.00164,8.15753],"to":[8.3,24.25164,9.15753],"rotation":{"angle":45,"axis":"x","origin":[8.05,24.25164,8.78253]},"faces":{"north":{"uv":[0.4,12.8,0.6,13.3],"texture":"#5"},"east":{"uv":[11.6,8.8,12,9.3],"texture":"#5"},"south":{"uv":[12.8,0.4,13,0.9],"texture":"#5"},"west":{"uv":[12,2.8,12.4,3.3],"texture":"#5"},"up":{"uv":[13,3.6,12.8,3.2],"texture":"#5"},"down":{"uv":[3.8,12.8,3.6,13.2],"texture":"#5"}}},{"from":[8,-1,3],"to":[8,27.5,11.5],"rotation":{"angle":0,"axis":"y","origin":[7.25,8.5,5]},"faces":{"north":{"uv":[0,0,0,11.4],"texture":"#5"},"east":{"uv":[0,0,3.4,11.4],"texture":"#5"},"south":{"uv":[0,0,0,11.4],"texture":"#5"},"west":{"uv":[3.6,0,7,11.4],"texture":"#5"},"up":{"uv":[0,3.4,0,0],"texture":"#5"},"down":{"uv":[0,0,0,3.4],"texture":"#5"}}},{"from":[7.5,3.25,8],"to":[8.5,21.5,8.5],"rotation":{"angle":0,"axis":"y","origin":[7.5,8.5,7.5]},"faces":{"north":{"uv":[8.4,0,8.8,7.3],"texture":"#5"},"east":{"uv":[9.2,0,9.4,7.3],"texture":"#5"},"south":{"uv":[8.4,7.6,8.8,14.9],"texture":"#5"},"west":{"uv":[9.2,7.6,9.4,14.9],"texture":"#5"},"up":{"uv":[13.2,3.8,12.8,3.6],"texture":"#5"},"down":{"uv":[4.4,12.8,4,13],"texture":"#5"}}},{"from":[7.25,1.5,6.75],"to":[8.75,3.5,8.75],"rotation":{"angle":-22.5,"axis":"x","origin":[8.5,2.5,8]},"faces":{"north":{"uv":[10.8,0,11.4,0.8],"texture":"#5"},"east":{"uv":[10,0,10.8,0.8],"texture":"#5"},"south":{"uv":[10.8,0.8,11.4,1.6],"texture":"#5"},"west":{"uv":[10,0.8,10.8,1.6],"texture":"#5"},"up":{"uv":[11.4,2.4,10.8,1.6],"texture":"#5"},"down":{"uv":[11.4,2.4,10.8,3.2],"texture":"#5"}}},{"from":[7.6,4.65433,7.21903],"to":[8.4,6.15433,8.71903],"rotation":{"angle":-45,"axis":"x","origin":[8,5.40433,7.96903]},"faces":{"north":{"uv":[3.6,12,3.9,12.6],"texture":"#5"},"east":{"uv":[10,11.2,10.6,11.8],"texture":"#5"},"south":{"uv":[4,12,4.3,12.6],"texture":"#5"},"west":{"uv":[10.8,11.2,11.4,11.8],"texture":"#5"},"up":{"uv":[4.7,12.6,4.4,12],"texture":"#5"},"down":{"uv":[12.3,4.4,12,5],"texture":"#5"}}},{"from":[7.6,10.65433,7.21903],"to":[8.4,12.15433,8.71903],"rotation":{"angle":-45,"axis":"x","origin":[8,11.40433,7.96903]},"faces":{"north":{"uv":[4.8,12,5.1,12.6],"texture":"#5"},"east":{"uv":[0,11.6,0.6,12.2],"texture":"#5"},"south":{"uv":[12,5.2,12.3,5.8],"texture":"#5"},"west":{"uv":[11.6,0,12.2,0.6],"texture":"#5"},"up":{"uv":[6.3,12.6,6,12],"texture":"#5"},"down":{"uv":[6.7,12,6.4,12.6],"texture":"#5"}}},{"from":[7.6,17.65433,7.21903],"to":[8.4,19.15433,8.71903],"rotation":{"angle":-45,"axis":"x","origin":[8,18.40433,7.96903]},"faces":{"north":{"uv":[12,6.4,12.3,7],"texture":"#5"},"east":{"uv":[0.8,11.6,1.4,12.2],"texture":"#5"},"south":{"uv":[12,7.2,12.3,7.8],"texture":"#5"},"west":{"uv":[11.6,0.8,12.2,1.4],"texture":"#5"},"up":{"uv":[12.3,8.6,12,8],"texture":"#5"},"down":{"uv":[12.3,8.8,12,9.4],"texture":"#5"}}},{"from":[7.35,18.10433,7.46903],"to":[8.65,18.85433,8.21903],"rotation":{"angle":-45,"axis":"x","origin":[8,18.60433,7.96903]},"faces":{"north":{"uv":[5.2,12.4,5.7,12.7],"texture":"#5"},"east":{"uv":[0.8,12.8,1.1,13.1],"texture":"#5"},"south":{"uv":[12.4,5.2,12.9,5.5],"texture":"#5"},"west":{"uv":[1.2,12.8,1.5,13.1],"texture":"#5"},"up":{"uv":[12.9,5.9,12.4,5.6],"texture":"#5"},"down":{"uv":[12.9,6,12.4,6.3],"texture":"#5"}}},{"from":[7.35,11.10433,7.46903],"to":[8.65,11.85433,8.21903],"rotation":{"angle":-45,"axis":"x","origin":[8,11.60433,7.96903]},"faces":{"north":{"uv":[12.4,6.4,12.9,6.7],"texture":"#5"},"east":{"uv":[12.8,1.2,13.1,1.5],"texture":"#5"},"south":{"uv":[12.4,6.8,12.9,7.1],"texture":"#5"},"west":{"uv":[1.6,12.8,1.9,13.1],"texture":"#5"},"up":{"uv":[12.9,7.5,12.4,7.2],"texture":"#5"},"down":{"uv":[12.9,7.6,12.4,7.9],"texture":"#5"}}},{"from":[7.35,5.10433,7.46903],"to":[8.65,5.85433,8.21903],"rotation":{"angle":-45,"axis":"x","origin":[8,5.60433,7.96903]},"faces":{"north":{"uv":[12.4,8,12.9,8.3],"texture":"#5"},"east":{"uv":[12.8,1.6,13.1,1.9],"texture":"#5"},"south":{"uv":[12.4,8.4,12.9,8.7],"texture":"#5"},"west":{"uv":[12.8,2,13.1,2.3],"texture":"#5"},"up":{"uv":[12.9,9.1,12.4,8.8],"texture":"#5"},"down":{"uv":[12.9,9.2,12.4,9.5],"texture":"#5"}}},{"from":[7.5,1.69239,5.96037],"to":[8.5,2.69239,7.46037],"rotation":{"angle":22.5,"axis":"x","origin":[8,2.19239,6.46037]},"faces":{"north":{"uv":[1.6,12.4,2,12.8],"texture":"#5"},"east":{"uv":[11.6,4,12.2,4.4],"texture":"#5"},"south":{"uv":[12.4,1.6,12.8,2],"texture":"#5"},"west":{"uv":[4.4,11.6,5,12],"texture":"#5"},"up":{"uv":[12,5,11.6,4.4],"texture":"#5"},"down":{"uv":[5.6,11.6,5.2,12.2],"texture":"#5"}}},{"from":[7.6,2.05604,5.48202],"to":[8.4,3.55604,6.28202],"rotation":{"angle":-22.5,"axis":"x","origin":[8,2.80604,5.98202]},"faces":{"north":{"uv":[12,9.6,12.3,10.2],"texture":"#5"},"east":{"uv":[10,12,10.3,12.6],"texture":"#5"},"south":{"uv":[10.4,12,10.7,12.6],"texture":"#5"},"west":{"uv":[12,10.4,12.3,11],"texture":"#5"},"up":{"uv":[13.1,2.7,12.8,2.4],"texture":"#5"},"down":{"uv":[13.1,2.8,12.8,3.1],"texture":"#5"}}},{"from":[7.7,0.92336,4.90799],"to":[8.3,3.17336,5.50799],"rotation":{"angle":22.5,"axis":"x","origin":[8,2.42336,5.40799]},"faces":{"north":{"uv":[10.8,12,11,12.9],"texture":"#5"},"east":{"uv":[11.2,12,11.4,12.9],"texture":"#5"},"south":{"uv":[12,11.2,12.2,12.1],"texture":"#5"},"west":{"uv":[0,12.4,0.2,13.3],"texture":"#5"},"up":{"uv":[13,5,12.8,4.8],"texture":"#5"},"down":{"uv":[5.4,12.8,5.2,13],"texture":"#5"}}},{"from":[7.8,-0.57068,4.77971],"to":[8.2,1.42932,5.17971],"rotation":{"angle":-22.5,"axis":"x","origin":[8,0.30432,5.07971]},"faces":{"north":{"uv":[2,12.4,2.2,13.2],"texture":"#5"},"east":{"uv":[12.4,2,12.6,2.8],"texture":"#5"},"south":{"uv":[12.4,2.8,12.6,3.6],"texture":"#5"},"west":{"uv":[3.2,12.4,3.4,13.2],"texture":"#5"},"up":{"uv":[5.8,13,5.6,12.8],"texture":"#5"},"down":{"uv":[6.2,12.8,6,13],"texture":"#5"}}},{"from":[7.6,1.4,8.5],"to":[8.4,2.4,9.5],"rotation":{"angle":-22.5,"axis":"x","origin":[8.5,2.15,9]},"faces":{"north":{"uv":[12.4,9.6,12.7,10],"texture":"#5"},"east":{"uv":[12.4,3.6,12.8,4],"texture":"#5"},"south":{"uv":[12.4,10,12.7,10.4],"texture":"#5"},"west":{"uv":[12.4,4,12.8,4.4],"texture":"#5"},"up":{"uv":[12.7,10.8,12.4,10.4],"texture":"#5"},"down":{"uv":[12.7,10.8,12.4,11.2],"texture":"#5"}}},{"from":[6.75,2,7.25],"to":[9.25,3,8.25],"rotation":{"angle":-22.5,"axis":"x","origin":[8.5,2.5,8]},"faces":{"north":{"uv":[10.8,9.6,11.8,10],"texture":"#5"},"east":{"uv":[12.4,4.4,12.8,4.8],"texture":"#5"},"south":{"uv":[10.8,10,11.8,10.4],"texture":"#5"},"west":{"uv":[12.4,4.8,12.8,5.2],"texture":"#5"},"up":{"uv":[11.8,10.8,10.8,10.4],"texture":"#5"},"down":{"uv":[11.8,10.8,10.8,11.2],"texture":"#5"}}},{"from":[7,2.25,7.75],"to":[9,3.75,8.75],"rotation":{"angle":22.5,"axis":"x","origin":[7.5,3.5,8.25]},"faces":{"north":{"uv":[10.8,3.2,11.6,3.8],"texture":"#5"},"east":{"uv":[11.6,5.2,12,5.8],"texture":"#5"},"south":{"uv":[10.8,4,11.6,4.6],"texture":"#5"},"west":{"uv":[5.6,11.6,6,12.2],"texture":"#5"},"up":{"uv":[4.4,12,3.6,11.6],"texture":"#5"},"down":{"uv":[12.4,3.6,11.6,4],"texture":"#5"}}},{"from":[7.125,3.5,8],"to":[8.875,4.25,9.5],"rotation":{"angle":-22.5,"axis":"x","origin":[7.625,4,9.25]},"faces":{"north":{"uv":[6,11.6,6.7,11.9],"texture":"#5"},"east":{"uv":[12.4,0,13,0.3],"texture":"#5"},"south":{"uv":[11.6,6,12.3,6.3],"texture":"#5"},"west":{"uv":[0.4,12.4,1,12.7],"texture":"#5"},"up":{"uv":[11.5,8.6,10.8,8],"texture":"#5"},"down":{"uv":[11.5,8.8,10.8,9.4],"texture":"#5"}}},{"from":[7,-6,6.75],"to":[9,-4,8.75],"rotation":{"angle":-22.5,"axis":"x","origin":[8.5,-5,8]},"faces":{"north":{"uv":[10,1.6,10.8,2.4],"texture":"#5"},"east":{"uv":[10,2.4,10.8,3.2],"texture":"#5"},"south":{"uv":[10,3.2,10.8,4],"texture":"#5"},"west":{"uv":[10,4,10.8,4.8],"texture":"#5"},"up":{"uv":[10.8,5.6,10,4.8],"texture":"#5"},"down":{"uv":[10.8,5.6,10,6.4],"texture":"#5"}}},{"from":[7.25,-7,7.5],"to":[8.75,-5,9],"rotation":{"angle":-45,"axis":"x","origin":[8.5,-6,8.5]},"faces":{"north":{"uv":[10.8,4.8,11.4,5.6],"texture":"#5"},"east":{"uv":[10.8,5.6,11.4,6.4],"texture":"#5"},"south":{"uv":[10.8,6.4,11.4,7.2],"texture":"#5"},"west":{"uv":[10.8,7.2,11.4,8],"texture":"#5"},"up":{"uv":[2.2,12.2,1.6,11.6],"texture":"#5"},"down":{"uv":[12.2,1.6,11.6,2.2],"texture":"#5"}}},{"from":[8,4,8.25],"to":[8,9,13.25],"rotation":{"angle":-22.5,"axis":"x","origin":[8,6.5,10.75]},"faces":{"north":{"uv":[0,0,0,10],"texture":"#2"},"east":{"uv":[16,0,0,16],"texture":"#2"},"south":{"uv":[0,0,0,10],"texture":"#2"},"west":{"uv":[0,0,16,16],"texture":"#2"},"up":{"uv":[0,0,0,10],"texture":"#2"},"down":{"uv":[0,0,0,10],"texture":"#2"}}},{"from":[8,1.75,9.25],"to":[8,4.75,14.25],"rotation":{"angle":0,"axis":"x","origin":[8,3.25,11.75]},"faces":{"north":{"uv":[0,0,0,10],"rotation":180,"texture":"#4"},"east":{"uv":[16,0,0,16],"rotation":270,"texture":"#4"},"south":{"uv":[0,0,0,10],"texture":"#4"},"west":{"uv":[0,0,16,16],"rotation":90,"texture":"#4"},"up":{"uv":[0,0,0,10],"rotation":180,"texture":"#4"},"down":{"uv":[0,0,0,10],"texture":"#4"}}},{"from":[8,-1.5,8],"to":[8,3.5,13],"rotation":{"angle":45,"axis":"x","origin":[8,1,10.5]},"faces":{"north":{"uv":[0,0,0,10],"texture":"#3"},"east":{"uv":[16,0,0,16],"texture":"#3"},"south":{"uv":[0,0,0,10],"texture":"#3"},"west":{"uv":[0,0,16,16],"texture":"#3"},"up":{"uv":[0,0,0,10],"texture":"#3"},"down":{"uv":[0,0,0,10],"texture":"#3"}}},{"from":[7.9,1,7],"to":[7.9,5,11],"rotation":{"angle":0,"axis":"y","origin":[8,3,9.75]},"faces":{"north":{"uv":[0,0,0,10],"texture":"#0"},"east":{"uv":[0,0,16,16],"texture":"#0"},"south":{"uv":[0,0,0,10],"texture":"#0"},"west":{"uv":[0,0,16,16],"texture":"#0"},"up":{"uv":[0,0,0,10],"texture":"#0"},"down":{"uv":[0,0,0,10],"texture":"#0"}}},{"from":[8,-7.27405,7.60095],"to":[8,-4.27405,12.60095],"rotation":{"angle":22.5,"axis":"x","origin":[8,-6.89905,9.47595]},"faces":{"north":{"uv":[0,0,0,10],"rotation":180,"texture":"#4"},"east":{"uv":[16,0,0,16],"rotation":270,"texture":"#4"},"south":{"uv":[0,0,0,10],"texture":"#4"},"west":{"uv":[0,0,16,16],"rotation":90,"texture":"#4"},"up":{"uv":[0,0,0,10],"rotation":180,"texture":"#4"},"down":{"uv":[0,0,0,10],"texture":"#4"}}},{"from":[8,-9.7526,5.73851],"to":[8,-4.7526,10.73851],"rotation":{"angle":-22.5,"axis":"x","origin":[8,-6.89905,9.47595]},"faces":{"north":{"uv":[0,0,0,10],"rotation":180,"texture":"#3"},"east":{"uv":[16,0,0,16],"rotation":270,"texture":"#3"},"south":{"uv":[0,0,0,10],"texture":"#3"},"west":{"uv":[0,0,16,16],"rotation":90,"texture":"#3"},"up":{"uv":[0,0,0,10],"rotation":180,"texture":"#3"},"down":{"uv":[0,0,0,10],"texture":"#3"}}},{"from":[8.1,0.75,7],"to":[8.1,4.75,11],"rotation":{"angle":0,"axis":"y","origin":[8,2.75,9.75]},"faces":{"north":{"uv":[0,0,0,10],"texture":"#0"},"east":{"uv":[16,0,0,16],"texture":"#0"},"south":{"uv":[0,0,0,10],"texture":"#0"},"west":{"uv":[16,0,0,16],"texture":"#0"},"up":{"uv":[0,0,0,10],"texture":"#0"},"down":{"uv":[0,0,0,10],"texture":"#0"}}}],"gui_light":"front","display":{"thirdperson_righthand":{"translation":[0,6.5,0.5],"scale":[0.9,0.9,0.9]},"thirdperson_lefthand":{"translation":[0,6.5,0.5],"scale":[0.9,0.9,0.9]},"firstperson_righthand":{"rotation":[-11.79,-8.34,-1.81],"translation":[8.25,4,-8.25],"scale":[1.11719,1.11719,1.11719]},"firstperson_lefthand":{"rotation":[-11.79,-8.34,-1.81],"translation":[8.25,4,-8.25],"scale":[1.11719,1.11719,1.11719]},"ground":{"rotation":[0,0,-77],"translation":[0.5,2,0],"scale":[1.07813,1.07813,1.07813]},"gui":{"rotation":[90,-135,90],"translation":[0.5,-0.75,0],"scale":[0.57539,0.57539,0.57539]},"head":{"scale":[0,0,0]},"fixed":{"rotation":[-90,90,90],"translation":[0.25,-0.75,-2.25],"scale":[2.05195,2.05195,2.05195]}}}