{"credit":"Made with Blockbench","texture_size":[24,24],"textures":{"0":"amaterasu_item_set:amaterasu_item_set/tail","particle":"amaterasu_item_set:amaterasu_item_set/tail"},"elements":[{"from":[7.25,4.86567,16.2294],"to":[8.75,6.36567,18.2294],"rotation":{"angle":0,"axis":"x","origin":[8,8.72201,12.74602]},"faces":{"north":{"uv":[1.33333,12.66667,2.33333,13.66667],"texture":"#0"},"east":{"uv":[10,2,11.33333,3],"texture":"#0"},"south":{"uv":[4.66667,12.66667,5.66667,13.66667],"texture":"#0"},"west":{"uv":[12,4.66667,13.33333,5.66667],"texture":"#0"},"up":{"uv":[1,14,0,12.66667],"texture":"#0"},"down":{"uv":[13.66667,0,12.66667,1.33333],"texture":"#0"}}},{"from":[6.5,8.5,6.5],"to":[9.5,11.5,10.5],"rotation":{"angle":-22.5,"axis":"x","origin":[8,8.72201,12.74602]},"faces":{"north":{"uv":[9.33333,10,11.33333,12],"texture":"#0"},"east":{"uv":[10,0,12.66667,2],"texture":"#0"},"south":{"uv":[11.33333,6,13.33333,8],"texture":"#0"},"west":{"uv":[2.66667,10,5.33333,12],"texture":"#0"},"up":{"uv":[7.33333,12.66667,5.33333,10],"texture":"#0"},"down":{"uv":[9.33333,10,7.33333,12.66667],"texture":"#0"}}},{"from":[5.75,6.15633,8.49213],"to":[10.25,10.65633,13.49213],"rotation":{"angle":0,"axis":"x","origin":[8,8.72201,12.74602]},"faces":{"north":{"uv":[0,6.66667,3,9.66667],"texture":"#0"},"east":{"uv":[0,0,3.33333,3],"texture":"#0"},"south":{"uv":[6.66667,0,9.66667,3],"texture":"#0"},"west":{"uv":[0,3.33333,3.33333,6.33333],"texture":"#0"},"up":{"uv":[6.33333,3.33333,3.33333,0],"texture":"#0"},"down":{"uv":[6.33333,3.33333,3.33333,6.66667],"texture":"#0"}}},{"from":[6.25,5.60683,10.71068],"to":[9.75,9.85683,14.21068],"rotation":{"angle":-45,"axis":"x","origin":[8,8.72201,12.74602]},"faces":{"north":{"uv":[3.33333,6.66667,5.66667,9.5],"texture":"#0"},"east":{"uv":[6.66667,3.33333,9,6.16667],"texture":"#0"},"south":{"uv":[6,6.66667,8.33333,9.5],"texture":"#0"},"west":{"uv":[8.66667,6.66667,11,9.5],"texture":"#0"},"up":{"uv":[11.66667,5.66667,9.33333,3.33333],"texture":"#0"},"down":{"uv":[2.33333,10,0,12.33333],"texture":"#0"}}},{"from":[6.75,6.12236,14.25506],"to":[9.25,8.62236,17.50506],"rotation":{"angle":22.5,"axis":"x","origin":[8,8.72201,12.74602]},"faces":{"north":{"uv":[9.33333,12,11,13.66667],"texture":"#0"},"east":{"uv":[11.33333,8,13.5,9.66667],"texture":"#0"},"south":{"uv":[11.33333,12,13,13.66667],"texture":"#0"},"west":{"uv":[11.33333,10,13.5,11.66667],"texture":"#0"},"up":{"uv":[13.66667,4.16667,12,2],"texture":"#0"},"down":{"uv":[4.33333,12,2.66667,14.16667],"texture":"#0"}}},{"from":[1.25,8.71141,9.49851],"to":[4.75,12.21141,13.74851],"rotation":{"angle":-45,"axis":"x","origin":[3,11.09094,13.81179]},"faces":{"north":{"uv":[11.66667,5.66667,9.33333,3.33333],"rotation":180,"texture":"#0"},"east":{"uv":[6.66667,3.33333,9,6.16667],"rotation":90,"texture":"#0"},"south":{"uv":[2.33333,10,0,12.33333],"texture":"#0"},"west":{"uv":[8.66667,6.66667,11,9.5],"rotation":270,"texture":"#0"},"up":{"uv":[6,6.66667,8.33333,9.5],"texture":"#0"},"down":{"uv":[3.33333,6.66667,5.66667,9.5],"rotation":180,"texture":"#0"}}},{"from":[1.75,9.53175,13.01308],"to":[4.25,12.78175,15.51308],"rotation":{"angle":22.5,"axis":"x","origin":[3,11.09094,13.81179]},"faces":{"north":{"uv":[13.66667,4.16667,12,2],"rotation":180,"texture":"#0"},"east":{"uv":[11.33333,8,13.5,9.66667],"rotation":90,"texture":"#0"},"south":{"uv":[4.33333,12,2.66667,14.16667],"texture":"#0"},"west":{"uv":[11.33333,10,13.5,11.66667],"rotation":270,"texture":"#0"},"up":{"uv":[11.33333,12,13,13.66667],"texture":"#0"},"down":{"uv":[9.33333,12,11,13.66667],"rotation":180,"texture":"#0"}}},{"from":[2.25,12.08343,14.164],"to":[3.75,14.08343,15.664],"rotation":{"angle":0,"axis":"x","origin":[3,11.09094,13.81179]},"faces":{"north":{"uv":[1,14,0,12.66667],"rotation":180,"texture":"#0"},"east":{"uv":[10,2,11.33333,3],"rotation":90,"texture":"#0"},"south":{"uv":[13.66667,0,12.66667,1.33333],"texture":"#0"},"west":{"uv":[12,4.66667,13.33333,5.66667],"rotation":270,"texture":"#0"},"up":{"uv":[4.66667,12.66667,5.66667,13.66667],"texture":"#0"},"down":{"uv":[1.33333,12.66667,2.33333,13.66667],"rotation":180,"texture":"#0"}}},{"from":[11.25,8.71141,9.49851],"to":[14.75,12.21141,13.74851],"rotation":{"angle":-45,"axis":"x","origin":[13,11.09094,13.81179]},"faces":{"north":{"uv":[11.66667,5.66667,9.33333,3.33333],"rotation":180,"texture":"#0"},"east":{"uv":[6.66667,3.33333,9,6.16667],"rotation":90,"texture":"#0"},"south":{"uv":[2.33333,10,0,12.33333],"texture":"#0"},"west":{"uv":[8.66667,6.66667,11,9.5],"rotation":270,"texture":"#0"},"up":{"uv":[6,6.66667,8.33333,9.5],"texture":"#0"},"down":{"uv":[3.33333,6.66667,5.66667,9.5],"rotation":180,"texture":"#0"}}},{"from":[11.75,9.53175,13.01308],"to":[14.25,12.78175,15.51308],"rotation":{"angle":22.5,"axis":"x","origin":[13,11.09094,13.81179]},"faces":{"north":{"uv":[13.66667,4.16667,12,2],"rotation":180,"texture":"#0"},"east":{"uv":[11.33333,8,13.5,9.66667],"rotation":90,"texture":"#0"},"south":{"uv":[4.33333,12,2.66667,14.16667],"texture":"#0"},"west":{"uv":[11.33333,10,13.5,11.66667],"rotation":270,"texture":"#0"},"up":{"uv":[11.33333,12,13,13.66667],"texture":"#0"},"down":{"uv":[9.33333,12,11,13.66667],"rotation":180,"texture":"#0"}}},{"from":[12.25,12.08343,14.164],"to":[13.75,14.08343,15.664],"rotation":{"angle":0,"axis":"x","origin":[13,11.09094,13.81179]},"faces":{"north":{"uv":[1,14,0,12.66667],"rotation":180,"texture":"#0"},"east":{"uv":[10,2,11.33333,3],"rotation":90,"texture":"#0"},"south":{"uv":[13.66667,0,12.66667,1.33333],"texture":"#0"},"west":{"uv":[12,4.66667,13.33333,5.66667],"rotation":270,"texture":"#0"},"up":{"uv":[4.66667,12.66667,5.66667,13.66667],"texture":"#0"},"down":{"uv":[1.33333,12.66667,2.33333,13.66667],"rotation":180,"texture":"#0"}}},{"from":[12.25,1.565,16.77284],"to":[13.75,3.065,18.77284],"rotation":{"angle":0,"axis":"x","origin":[13,3.41721,15.78035]},"faces":{"north":{"uv":[1.33333,12.66667,2.33333,13.66667],"texture":"#0"},"east":{"uv":[10,2,11.33333,3],"texture":"#0"},"south":{"uv":[4.66667,12.66667,5.66667,13.66667],"texture":"#0"},"west":{"uv":[12,4.66667,13.33333,5.66667],"texture":"#0"},"up":{"uv":[1,14,0,12.66667],"texture":"#0"},"down":{"uv":[13.66667,0,12.66667,1.33333],"texture":"#0"}}},{"from":[10.75,5.5,6],"to":[13.75,8.5,10],"rotation":{"angle":22.5,"axis":"y","origin":[12.25,7,7.5]},"faces":{"north":{"uv":[9.33333,10,11.33333,12],"texture":"#0"},"east":{"uv":[10,0,12.66667,2],"texture":"#0"},"south":{"uv":[11.33333,6,13.33333,8],"texture":"#0"},"west":{"uv":[2.66667,10,5.33333,12],"texture":"#0"},"up":{"uv":[7.33333,12.66667,5.33333,10],"texture":"#0"},"down":{"uv":[9.33333,10,7.33333,12.66667],"texture":"#0"}}},{"from":[10.75,4.04289,8.54289],"to":[15.25,8.54289,13.54289],"rotation":{"angle":22.5,"axis":"x","origin":[13,6.29289,10.54289]},"faces":{"north":{"uv":[0,6.66667,3,9.66667],"texture":"#0"},"east":{"uv":[0,0,3.33333,3],"texture":"#0"},"south":{"uv":[6.66667,0,9.66667,3],"texture":"#0"},"west":{"uv":[0,3.33333,3.33333,6.33333],"texture":"#0"},"up":{"uv":[6.33333,3.33333,3.33333,0],"texture":"#0"},"down":{"uv":[6.33333,3.33333,3.33333,6.66667],"texture":"#0"}}},{"from":[11.25,3.48049,13.40082],"to":[14.75,7.73049,16.90082],"rotation":{"angle":-45,"axis":"x","origin":[13,3.41721,15.78035]},"faces":{"north":{"uv":[3.33333,6.66667,5.66667,9.5],"texture":"#0"},"east":{"uv":[6.66667,3.33333,9,6.16667],"texture":"#0"},"south":{"uv":[6,6.66667,8.33333,9.5],"texture":"#0"},"west":{"uv":[8.66667,6.66667,11,9.5],"texture":"#0"},"up":{"uv":[11.66667,5.66667,9.33333,3.33333],"texture":"#0"},"down":{"uv":[2.33333,10,0,12.33333],"texture":"#0"}}},{"from":[11.75,1.71592,14.22116],"to":[14.25,4.21592,17.47116],"rotation":{"angle":22.5,"axis":"x","origin":[13,3.41721,15.78035]},"faces":{"north":{"uv":[9.33333,12,11,13.66667],"texture":"#0"},"east":{"uv":[11.33333,8,13.5,9.66667],"texture":"#0"},"south":{"uv":[11.33333,12,13,13.66667],"texture":"#0"},"west":{"uv":[11.33333,10,13.5,11.66667],"texture":"#0"},"up":{"uv":[13.66667,4.16667,12,2],"texture":"#0"},"down":{"uv":[4.33333,12,2.66667,14.16667],"texture":"#0"}}},{"from":[2.25,3.47364,16.72074],"to":[3.75,4.97364,18.72074],"rotation":{"angle":0,"axis":"x","origin":[3,5.61898,14.6021]},"faces":{"north":{"uv":[2.33333,12.66667,1.33333,13.66667],"texture":"#0"},"east":{"uv":[13.33333,4.66667,12,5.66667],"texture":"#0"},"south":{"uv":[5.66667,12.66667,4.66667,13.66667],"texture":"#0"},"west":{"uv":[11.33333,2,10,3],"texture":"#0"},"up":{"uv":[0,14,1,12.66667],"texture":"#0"},"down":{"uv":[12.66667,0,13.66667,1.33333],"texture":"#0"}}},{"from":[2.25,5.5,6],"to":[5.25,8.5,10],"rotation":{"angle":-22.5,"axis":"y","origin":[3.75,7,7.5]},"faces":{"north":{"uv":[11.33333,10,9.33333,12],"texture":"#0"},"east":{"uv":[5.33333,10,2.66667,12],"texture":"#0"},"south":{"uv":[13.33333,6,11.33333,8],"texture":"#0"},"west":{"uv":[12.66667,0,10,2],"texture":"#0"},"up":{"uv":[5.33333,12.66667,7.33333,10],"texture":"#0"},"down":{"uv":[7.33333,10,9.33333,12.66667],"texture":"#0"}}},{"from":[0.75,4.76431,8.98347],"to":[5.25,9.26431,13.98347],"rotation":{"angle":0,"axis":"x","origin":[3,5.61898,14.6021]},"faces":{"north":{"uv":[3,6.66667,0,9.66667],"texture":"#0"},"east":{"uv":[3.33333,3.33333,0,6.33333],"texture":"#0"},"south":{"uv":[9.66667,0,6.66667,3],"texture":"#0"},"west":{"uv":[3.33333,0,0,3],"texture":"#0"},"up":{"uv":[3.33333,3.33333,6.33333,0],"texture":"#0"},"down":{"uv":[3.33333,3.33333,6.33333,6.66667],"texture":"#0"}}},{"from":[1.25,4.67868,12.81161],"to":[4.75,8.92868,16.31161],"rotation":{"angle":-45,"axis":"x","origin":[3,5.61898,14.6021]},"faces":{"north":{"uv":[5.66667,6.66667,3.33333,9.5],"texture":"#0"},"east":{"uv":[11,6.66667,8.66667,9.5],"texture":"#0"},"south":{"uv":[8.33333,6.66667,6,9.5],"texture":"#0"},"west":{"uv":[9,3.33333,6.66667,6.16667],"texture":"#0"},"up":{"uv":[9.33333,5.66667,11.66667,3.33333],"texture":"#0"},"down":{"uv":[0,10,2.33333,12.33333],"texture":"#0"}}},{"from":[1.75,4.07783,14.19551],"to":[4.25,6.57783,17.44551],"rotation":{"angle":22.5,"axis":"x","origin":[3,5.61898,14.6021]},"faces":{"north":{"uv":[11,12,9.33333,13.66667],"texture":"#0"},"east":{"uv":[13.5,10,11.33333,11.66667],"texture":"#0"},"south":{"uv":[13,12,11.33333,13.66667],"texture":"#0"},"west":{"uv":[13.5,8,11.33333,9.66667],"texture":"#0"},"up":{"uv":[12,4.16667,13.66667,2],"texture":"#0"},"down":{"uv":[2.66667,12,4.33333,14.16667],"texture":"#0"}}},{"from":[4.75,-1.01288,14.54732],"to":[6.25,0.48712,16.54732],"rotation":{"angle":45,"axis":"x","origin":[5.5,1.0682,11.09969]},"faces":{"north":{"uv":[1.33333,12.66667,2.33333,13.66667],"texture":"#0"},"east":{"uv":[10,2,11.33333,3],"texture":"#0"},"south":{"uv":[4.66667,12.66667,5.66667,13.66667],"texture":"#0"},"west":{"uv":[12,4.66667,13.33333,5.66667],"texture":"#0"},"up":{"uv":[1,14,0,12.66667],"texture":"#0"},"down":{"uv":[13.66667,0,12.66667,1.33333],"texture":"#0"}}},{"from":[4,2.5,4.5],"to":[7,5.5,8.5],"rotation":{"angle":22.5,"axis":"x","origin":[5.5,1.0682,10.09969]},"faces":{"north":{"uv":[9.33333,10,11.33333,12],"texture":"#0"},"east":{"uv":[10,0,12.66667,2],"texture":"#0"},"south":{"uv":[11.33333,6,13.33333,8],"texture":"#0"},"west":{"uv":[2.66667,10,5.33333,12],"texture":"#0"},"up":{"uv":[7.33333,12.66667,5.33333,10],"texture":"#0"},"down":{"uv":[9.33333,10,7.33333,12.66667],"texture":"#0"}}},{"from":[3.25,0.27779,6.81004],"to":[7.75,4.77779,11.81004],"rotation":{"angle":45,"axis":"x","origin":[5.5,1.0682,11.09969]},"faces":{"north":{"uv":[0,6.66667,3,9.66667],"texture":"#0"},"east":{"uv":[0,0,3.33333,3],"texture":"#0"},"south":{"uv":[6.66667,0,9.66667,3],"texture":"#0"},"west":{"uv":[0,3.33333,3.33333,6.33333],"texture":"#0"},"up":{"uv":[6.33333,3.33333,3.33333,0],"texture":"#0"},"down":{"uv":[6.33333,3.33333,3.33333,6.66667],"texture":"#0"}}},{"from":[3.75,-0.7664,10.29436],"to":[7.25,3.4836,13.79436],"rotation":{"angle":0,"axis":"x","origin":[5.5,1.0682,11.09969]},"faces":{"north":{"uv":[3.33333,6.66667,5.66667,9.5],"texture":"#0"},"east":{"uv":[6.66667,3.33333,9,6.16667],"texture":"#0"},"south":{"uv":[6,6.66667,8.33333,9.5],"texture":"#0"},"west":{"uv":[8.66667,6.66667,11,9.5],"texture":"#0"},"up":{"uv":[11.66667,5.66667,9.33333,3.33333],"texture":"#0"},"down":{"uv":[2.33333,10,0,12.33333],"texture":"#0"}}},{"from":[4.25,-2.97845,10.12648],"to":[6.75,0.27155,12.62648],"rotation":{"angle":-22.5,"axis":"x","origin":[5.5,1.0682,11.09969]},"faces":{"north":{"uv":[4.33333,12,2.66667,14.16667],"rotation":180,"texture":"#0"},"east":{"uv":[11.33333,8,13.5,9.66667],"rotation":270,"texture":"#0"},"south":{"uv":[13.66667,4.16667,12,2],"texture":"#0"},"west":{"uv":[11.33333,10,13.5,11.66667],"rotation":90,"texture":"#0"},"up":{"uv":[9.33333,12,11,13.66667],"rotation":180,"texture":"#0"},"down":{"uv":[11.33333,12,13,13.66667],"texture":"#0"}}},{"from":[9.75,-1.01288,14.54732],"to":[11.25,0.48712,16.54732],"rotation":{"angle":45,"axis":"x","origin":[10.5,1.0682,11.09969]},"faces":{"north":{"uv":[1.33333,12.66667,2.33333,13.66667],"texture":"#0"},"east":{"uv":[10,2,11.33333,3],"texture":"#0"},"south":{"uv":[4.66667,12.66667,5.66667,13.66667],"texture":"#0"},"west":{"uv":[12,4.66667,13.33333,5.66667],"texture":"#0"},"up":{"uv":[1,14,0,12.66667],"texture":"#0"},"down":{"uv":[13.66667,0,12.66667,1.33333],"texture":"#0"}}},{"from":[9,2.5,4.5],"to":[12,5.5,8.5],"rotation":{"angle":22.5,"axis":"x","origin":[10.5,1.0682,10.09969]},"faces":{"north":{"uv":[9.33333,10,11.33333,12],"texture":"#0"},"east":{"uv":[10,0,12.66667,2],"texture":"#0"},"south":{"uv":[11.33333,6,13.33333,8],"texture":"#0"},"west":{"uv":[2.66667,10,5.33333,12],"texture":"#0"},"up":{"uv":[7.33333,12.66667,5.33333,10],"texture":"#0"},"down":{"uv":[9.33333,10,7.33333,12.66667],"texture":"#0"}}},{"from":[8.25,0.27779,6.81004],"to":[12.75,4.77779,11.81004],"rotation":{"angle":45,"axis":"x","origin":[10.5,1.0682,11.09969]},"faces":{"north":{"uv":[0,6.66667,3,9.66667],"texture":"#0"},"east":{"uv":[0,0,3.33333,3],"texture":"#0"},"south":{"uv":[6.66667,0,9.66667,3],"texture":"#0"},"west":{"uv":[0,3.33333,3.33333,6.33333],"texture":"#0"},"up":{"uv":[6.33333,3.33333,3.33333,0],"texture":"#0"},"down":{"uv":[6.33333,3.33333,3.33333,6.66667],"texture":"#0"}}},{"from":[8.75,-0.7664,10.29436],"to":[12.25,3.4836,13.79436],"rotation":{"angle":0,"axis":"x","origin":[10.5,1.0682,11.09969]},"faces":{"north":{"uv":[3.33333,6.66667,5.66667,9.5],"texture":"#0"},"east":{"uv":[6.66667,3.33333,9,6.16667],"texture":"#0"},"south":{"uv":[6,6.66667,8.33333,9.5],"texture":"#0"},"west":{"uv":[8.66667,6.66667,11,9.5],"texture":"#0"},"up":{"uv":[11.66667,5.66667,9.33333,3.33333],"texture":"#0"},"down":{"uv":[2.33333,10,0,12.33333],"texture":"#0"}}},{"from":[9.25,-2.97845,10.12648],"to":[11.75,0.27155,12.62648],"rotation":{"angle":-22.5,"axis":"x","origin":[10.5,1.0682,11.09969]},"faces":{"north":{"uv":[4.33333,12,2.66667,14.16667],"rotation":180,"texture":"#0"},"east":{"uv":[11.33333,8,13.5,9.66667],"rotation":270,"texture":"#0"},"south":{"uv":[13.66667,4.16667,12,2],"texture":"#0"},"west":{"uv":[11.33333,10,13.5,11.66667],"rotation":90,"texture":"#0"},"up":{"uv":[9.33333,12,11,13.66667],"rotation":180,"texture":"#0"},"down":{"uv":[11.33333,12,13,13.66667],"texture":"#0"}}},{"from":[10.25,15.51288,12.54732],"to":[11.75,17.01288,14.54732],"rotation":{"angle":-45,"axis":"x","origin":[11,14.9318,9.09969]},"faces":{"north":{"uv":[1.33333,13.66667,2.33333,12.66667],"texture":"#0"},"east":{"uv":[10,3,11.33333,2],"texture":"#0"},"south":{"uv":[4.66667,13.66667,5.66667,12.66667],"texture":"#0"},"west":{"uv":[12,5.66667,13.33333,4.66667],"texture":"#0"},"up":{"uv":[13.66667,1.33333,12.66667,0],"texture":"#0"},"down":{"uv":[1,12.66667,0,14],"texture":"#0"}}},{"from":[9.45,10.5,3.5],"to":[12.55,13.5,7.5],"rotation":{"angle":-22.5,"axis":"x","origin":[11.05,14.9318,9.09969]},"faces":{"north":{"uv":[9.33333,12,11.33333,10],"texture":"#0"},"east":{"uv":[10,2,12.66667,0],"texture":"#0"},"south":{"uv":[11.33333,8,13.33333,6],"texture":"#0"},"west":{"uv":[2.66667,12,5.33333,10],"texture":"#0"},"up":{"uv":[9.33333,12.66667,7.33333,10],"texture":"#0"},"down":{"uv":[7.33333,10,5.33333,12.66667],"texture":"#0"}}},{"from":[8.7,11.22221,4.81004],"to":[13.3,15.72221,9.81004],"rotation":{"angle":-45,"axis":"x","origin":[11.05,14.9318,9.09969]},"faces":{"north":{"uv":[0,9.66667,3,6.66667],"texture":"#0"},"east":{"uv":[0,3,3.33333,0],"texture":"#0"},"south":{"uv":[6.66667,3,9.66667,0],"texture":"#0"},"west":{"uv":[0,6.33333,3.33333,3.33333],"texture":"#0"},"up":{"uv":[6.33333,6.66667,3.33333,3.33333],"texture":"#0"},"down":{"uv":[6.33333,0,3.33333,3.33333],"texture":"#0"}}},{"from":[9.25,12.5164,8.29436],"to":[12.75,16.7664,11.79436],"rotation":{"angle":0,"axis":"x","origin":[11,14.9318,9.09969]},"faces":{"north":{"uv":[3.33333,9.5,5.66667,6.66667],"texture":"#0"},"east":{"uv":[6.66667,6.16667,9,3.33333],"texture":"#0"},"south":{"uv":[6,9.5,8.33333,6.66667],"texture":"#0"},"west":{"uv":[8.66667,9.5,11,6.66667],"texture":"#0"},"up":{"uv":[2.33333,12.33333,0,10],"texture":"#0"},"down":{"uv":[11.66667,3.33333,9.33333,5.66667],"texture":"#0"}}},{"from":[9.75,15.72845,8.12648],"to":[12.25,18.97845,10.62648],"rotation":{"angle":22.5,"axis":"x","origin":[11,14.9318,9.09969]},"faces":{"north":{"uv":[4.33333,14.16667,2.66667,12],"rotation":180,"texture":"#0"},"east":{"uv":[11.33333,9.66667,13.5,8],"rotation":90,"texture":"#0"},"south":{"uv":[13.66667,2,12,4.16667],"texture":"#0"},"west":{"uv":[11.33333,11.66667,13.5,10],"rotation":270,"texture":"#0"},"up":{"uv":[11.33333,13.66667,13,12],"texture":"#0"},"down":{"uv":[9.33333,13.66667,11,12],"rotation":180,"texture":"#0"}}},{"from":[4.25,15.51288,12.54732],"to":[5.75,17.01288,14.54732],"rotation":{"angle":-45,"axis":"x","origin":[5,14.9318,9.09969]},"faces":{"north":{"uv":[1.33333,13.66667,2.33333,12.66667],"texture":"#0"},"east":{"uv":[10,3,11.33333,2],"texture":"#0"},"south":{"uv":[4.66667,13.66667,5.66667,12.66667],"texture":"#0"},"west":{"uv":[12,5.66667,13.33333,4.66667],"texture":"#0"},"up":{"uv":[13.66667,1.33333,12.66667,0],"texture":"#0"},"down":{"uv":[1,12.66667,0,14],"texture":"#0"}}},{"from":[3.45,10.5,3.5],"to":[6.55,13.5,7.5],"rotation":{"angle":-22.5,"axis":"x","origin":[5.05,14.9318,9.09969]},"faces":{"north":{"uv":[9.33333,12,11.33333,10],"texture":"#0"},"east":{"uv":[10,2,12.66667,0],"texture":"#0"},"south":{"uv":[11.33333,8,13.33333,6],"texture":"#0"},"west":{"uv":[2.66667,12,5.33333,10],"texture":"#0"},"up":{"uv":[9.33333,12.66667,7.33333,10],"texture":"#0"},"down":{"uv":[7.33333,10,5.33333,12.66667],"texture":"#0"}}},{"from":[2.7,11.22221,4.81004],"to":[7.3,15.72221,9.81004],"rotation":{"angle":-45,"axis":"x","origin":[5.05,14.9318,9.09969]},"faces":{"north":{"uv":[0,9.66667,3,6.66667],"texture":"#0"},"east":{"uv":[0,3,3.33333,0],"texture":"#0"},"south":{"uv":[6.66667,3,9.66667,0],"texture":"#0"},"west":{"uv":[0,6.33333,3.33333,3.33333],"texture":"#0"},"up":{"uv":[6.33333,6.66667,3.33333,3.33333],"texture":"#0"},"down":{"uv":[6.33333,0,3.33333,3.33333],"texture":"#0"}}},{"from":[3.25,12.5164,8.29436],"to":[6.75,16.7664,11.79436],"rotation":{"angle":0,"axis":"x","origin":[5,14.9318,9.09969]},"faces":{"north":{"uv":[3.33333,9.5,5.66667,6.66667],"texture":"#0"},"east":{"uv":[6.66667,6.16667,9,3.33333],"texture":"#0"},"south":{"uv":[6,9.5,8.33333,6.66667],"texture":"#0"},"west":{"uv":[8.66667,9.5,11,6.66667],"texture":"#0"},"up":{"uv":[2.33333,12.33333,0,10],"texture":"#0"},"down":{"uv":[11.66667,3.33333,9.33333,5.66667],"texture":"#0"}}},{"from":[3.75,15.72845,8.12648],"to":[6.25,18.97845,10.62648],"rotation":{"angle":22.5,"axis":"x","origin":[5,14.9318,9.09969]},"faces":{"north":{"uv":[4.33333,14.16667,2.66667,12],"rotation":180,"texture":"#0"},"east":{"uv":[11.33333,9.66667,13.5,8],"rotation":90,"texture":"#0"},"south":{"uv":[13.66667,2,12,4.16667],"texture":"#0"},"west":{"uv":[11.33333,11.66667,13.5,10],"rotation":270,"texture":"#0"},"up":{"uv":[11.33333,13.66667,13,12],"texture":"#0"},"down":{"uv":[9.33333,13.66667,11,12],"rotation":180,"texture":"#0"}}}],"gui_light":"front","display":{"thirdperson_righthand":{"rotation":[-116.5,0,0],"translation":[0,0,0.5],"scale":[0.54805,0.54805,0.54805]},"thirdperson_lefthand":{"rotation":[75,0,0],"translation":[-5.75,-9.75,1.75],"scale":[0.79102,0.79102,0.79102]},"firstperson_righthand":{"translation":[-1.5,3.75,0],"scale":[0.5,0.5,0.5]},"firstperson_lefthand":{"scale":[0,0,0]},"ground":{"rotation":[-38.27,-1.27,3.68],"translation":[0,5.25,0],"scale":[0.92109,0.92109,0.92109]},"gui":{"rotation":[27.52,56.34,-3.12],"translation":[-1.75,0,0],"scale":[0.63125,0.63125,0.63125]},"head":{"translation":[0,-25.5,6.25],"scale":[1.39648,1.39648,1.39648]},"fixed":{"rotation":[180,-53.75,180],"translation":[3.75,0,-8],"scale":[2,2,2]}}}