{"credit":"MadewithBlockbench","texture_size":[256,256],"textures":{"0":"elitecreatures:medieval_market_decoration_v1/medeivalmarket_02","particle":"elitecreatures:medieval_market_decoration_v1/medeivalmarket_02"},"elements":[{"from":[-2,-4.5,2],"to":[0,1.5,27],"rotation":{"angle":22.5,"axis":"x","origin":[8,-0.75,8.51535]},"faces":{"north":{"uv":[2.1875,5.6875,2.0625,6.0625],"texture":"#0"},"east":{"uv":[7.4375,2.40625,5.875,2.78125],"texture":"#0"},"south":{"uv":[2.1875,5.6875,2.0625,6.0625],"texture":"#0"},"west":{"uv":[7.4375,2.40625,5.875,2.78125],"texture":"#0"},"up":{"uv":[2.625,5,2.75,6.5625],"texture":"#0"},"down":{"uv":[2.625,5,2.75,6.5625],"texture":"#0"}}},{"from":[16,-4.5,2],"to":[18,1.5,27],"rotation":{"angle":22.5,"axis":"x","origin":[8,-0.75,8.51535]},"faces":{"north":{"uv":[2.0625,5.6875,2.1875,6.0625],"texture":"#0"},"east":{"uv":[5.875,2.40625,7.4375,2.78125],"texture":"#0"},"south":{"uv":[2.0625,5.6875,2.1875,6.0625],"texture":"#0"},"west":{"uv":[5.875,2.40625,7.4375,2.78125],"texture":"#0"},"up":{"uv":[2.75,5,2.625,6.5625],"texture":"#0"},"down":{"uv":[2.75,5,2.625,6.5625],"texture":"#0"}}},{"from":[15,-8,23.5],"to":[19,-3.5,27.5],"rotation":{"angle":22.5,"axis":"x","origin":[8,-0.75,8.51535]},"faces":{"north":{"uv":[10.25,1.6875,10,1.96875],"texture":"#0"},"east":{"uv":[10.25,1.6875,10,1.96875],"texture":"#0"},"south":{"uv":[10.25,1.6875,10,1.96875],"texture":"#0"},"west":{"uv":[10.25,1.6875,10,1.96875],"texture":"#0"},"up":{"uv":[10.25,2.21875,10,1.96875],"texture":"#0"},"down":{"uv":[10.25,2.21875,10,1.96875],"texture":"#0"}}},{"from":[15,-3.5,23.5],"to":[19,3,27.5],"rotation":{"angle":22.5,"axis":"x","origin":[8,-0.75,8.51535]},"faces":{"north":{"uv":[10.25,1,10,1.40625],"texture":"#0"},"east":{"uv":[10.25,1,10,1.40625],"texture":"#0"},"south":{"uv":[10.25,1,10,1.40625],"texture":"#0"},"west":{"uv":[10.25,1,10,1.40625],"texture":"#0"},"up":{"uv":[10.25,2.21875,10,1.96875],"texture":"#0"},"down":{"uv":[10.25,2.21875,10,1.96875],"texture":"#0"}}},{"from":[-3,-3.5,23.5],"to":[1,3,27.5],"rotation":{"angle":22.5,"axis":"x","origin":[8,-0.75,8.51535]},"faces":{"north":{"uv":[10,1,10.25,1.40625],"texture":"#0"},"east":{"uv":[10,1,10.25,1.40625],"texture":"#0"},"south":{"uv":[10,1,10.25,1.40625],"texture":"#0"},"west":{"uv":[10,1,10.25,1.40625],"texture":"#0"},"up":{"uv":[10,2.21875,10.25,1.96875],"texture":"#0"},"down":{"uv":[10,2.21875,10.25,1.96875],"texture":"#0"}}},{"from":[-3,-8,23.5],"to":[1,-3.5,27.5],"rotation":{"angle":22.5,"axis":"x","origin":[8,-0.75,8.51535]},"faces":{"north":{"uv":[10,1.6875,10.25,1.96875],"texture":"#0"},"east":{"uv":[10,1.6875,10.25,1.96875],"texture":"#0"},"south":{"uv":[10,1.6875,10.25,1.96875],"texture":"#0"},"west":{"uv":[10,1.6875,10.25,1.96875],"texture":"#0"},"up":{"uv":[10,2.21875,10.25,1.96875],"texture":"#0"},"down":{"uv":[10,2.21875,10.25,1.96875],"texture":"#0"}}},{"from":[-3,-0.5,1],"to":[1,6,5],"rotation":{"angle":22.5,"axis":"x","origin":[8,-0.75,1.48465]},"faces":{"north":{"uv":[10.25,1,10,1.40625],"texture":"#0"},"east":{"uv":[10.25,1,10,1.40625],"texture":"#0"},"south":{"uv":[10.25,1,10,1.40625],"texture":"#0"},"west":{"uv":[10.25,1,10,1.40625],"texture":"#0"},"up":{"uv":[10,1.96875,10.25,2.21875],"texture":"#0"},"down":{"uv":[10,1.96875,10.25,2.21875],"texture":"#0"}}},{"from":[-3,-5,1],"to":[1,-0.5,5],"rotation":{"angle":22.5,"axis":"x","origin":[8,-0.75,1.48465]},"faces":{"north":{"uv":[10.25,1.6875,10,1.96875],"texture":"#0"},"east":{"uv":[10.25,1.6875,10,1.96875],"texture":"#0"},"south":{"uv":[10.25,1.6875,10,1.96875],"texture":"#0"},"west":{"uv":[10.25,1.6875,10,1.96875],"texture":"#0"},"up":{"uv":[10,1.96875,10.25,2.21875],"texture":"#0"},"down":{"uv":[10,1.96875,10.25,2.21875],"texture":"#0"}}},{"from":[15,-0.5,1],"to":[19,6,5],"rotation":{"angle":22.5,"axis":"x","origin":[8,-0.75,1.48465]},"faces":{"north":{"uv":[10,1,10.25,1.40625],"texture":"#0"},"east":{"uv":[10,1,10.25,1.40625],"texture":"#0"},"south":{"uv":[10,1,10.25,1.40625],"texture":"#0"},"west":{"uv":[10,1,10.25,1.40625],"texture":"#0"},"up":{"uv":[10.25,1.96875,10,2.21875],"texture":"#0"},"down":{"uv":[10.25,1.96875,10,2.21875],"texture":"#0"}}},{"from":[15,-5,1],"to":[19,-0.5,5],"rotation":{"angle":22.5,"axis":"x","origin":[8,-0.75,1.48465]},"faces":{"north":{"uv":[10,1.6875,10.25,1.96875],"texture":"#0"},"east":{"uv":[10,1.6875,10.25,1.96875],"texture":"#0"},"south":{"uv":[10,1.6875,10.25,1.96875],"texture":"#0"},"west":{"uv":[10,1.6875,10.25,1.96875],"texture":"#0"},"up":{"uv":[10.25,1.96875,10,2.21875],"texture":"#0"},"down":{"uv":[10.25,1.96875,10,2.21875],"texture":"#0"}}},{"from":[15.6,-7,-14.5],"to":[17.6,-5,1.5],"rotation":{"angle":22.5,"axis":"x","origin":[8,-0.75,8.51535]},"faces":{"north":{"uv":[7.375,0.6875,7.25,0.8125],"texture":"#0"},"east":{"uv":[8.25,1.875,7.25,1.75],"texture":"#0"},"south":{"uv":[7.375,0.6875,7.25,0.8125],"texture":"#0"},"west":{"uv":[7.25,1.875,8.25,1.75],"texture":"#0"},"up":{"uv":[9.875,1,10,2],"texture":"#0"},"down":{"uv":[9.875,1,10,2],"texture":"#0"}}},{"from":[8,-9,10],"to":[20.5,-7,12],"rotation":{"angle":0,"axis":"y","origin":[8,-0.75,8.51535]},"faces":{"north":{"uv":[7.25,1.875,8.03125,1.75],"texture":"#0"},"east":{"uv":[7.375,0.6875,7.25,0.8125],"texture":"#0"},"south":{"uv":[8.03125,1.875,7.25,1.75],"texture":"#0"},"west":{"uv":[7.375,0.6875,7.25,0.8125],"texture":"#0"},"up":{"uv":[9.875,1,10,1.78125],"rotation":90,"texture":"#0"},"down":{"uv":[9.875,1,10,1.78125],"rotation":270,"texture":"#0"}}},{"from":[-4.5,-9,10],"to":[8,-7,12],"rotation":{"angle":0,"axis":"y","origin":[8,-0.75,8.51535]},"faces":{"north":{"uv":[8.03125,1.875,7.25,1.75],"texture":"#0"},"east":{"uv":[7.25,0.6875,7.375,0.8125],"texture":"#0"},"south":{"uv":[7.25,1.875,8.03125,1.75],"texture":"#0"},"west":{"uv":[7.25,0.6875,7.375,0.8125],"texture":"#0"},"up":{"uv":[9.875,1.78125,10,1],"rotation":90,"texture":"#0"},"down":{"uv":[9.875,1.78125,10,1],"rotation":270,"texture":"#0"}}},{"from":[-1.6,-7,-14.5],"to":[0.4,-5,1.5],"rotation":{"angle":22.5,"axis":"x","origin":[8,-0.75,8.51535]},"faces":{"north":{"uv":[7.25,0.6875,7.375,0.8125],"texture":"#0"},"east":{"uv":[8.25,1.875,7.25,1.75],"texture":"#0"},"south":{"uv":[7.25,0.6875,7.375,0.8125],"texture":"#0"},"west":{"uv":[7.25,1.875,8.25,1.75],"texture":"#0"},"up":{"uv":[10,1,9.875,2],"texture":"#0"},"down":{"uv":[10,1,9.875,2],"texture":"#0"}}},{"from":[0.5,-6.5,-3.5],"to":[15.5,-5.5,-1.5],"rotation":{"angle":22.5,"axis":"x","origin":[8,-0.75,8.51535]},"faces":{"north":{"uv":[7.25,1.8125,8.1875,1.75],"texture":"#0"},"east":{"uv":[7.25,0.6875,7.375,0.75],"texture":"#0"},"south":{"uv":[8.1875,1.8125,7.25,1.75],"texture":"#0"},"west":{"uv":[7.25,0.6875,7.375,0.75],"texture":"#0"},"up":{"uv":[10,1,9.875,1.9375],"rotation":90,"texture":"#0"},"down":{"uv":[10,1,9.875,1.9375],"rotation":270,"texture":"#0"}}},{"from":[1,-1.5,24.5],"to":[8,1.5,26.5],"rotation":{"angle":22.5,"axis":"x","origin":[8,-0.75,8.51535]},"faces":{"north":{"uv":[6.15625,2.5625,5.71875,2.75],"texture":"#0"},"east":{"uv":[2.1875,5.6875,2.0625,5.875],"texture":"#0"},"south":{"uv":[6.15625,2.5625,5.71875,2.75],"texture":"#0"},"west":{"uv":[2.1875,5.6875,2.0625,5.875],"texture":"#0"},"up":{"uv":[2.625,5.4375,2.75,5],"rotation":90,"texture":"#0"},"down":{"uv":[2.625,5.4375,2.75,5],"rotation":90,"texture":"#0"}}},{"from":[1,-4.5,24.5],"to":[8,-1.5,26.5],"rotation":{"angle":22.5,"axis":"x","origin":[8,-0.75,8.51535]},"faces":{"north":{"uv":[6.15625,2.5625,5.71875,2.75],"texture":"#0"},"east":{"uv":[2.1875,5.6875,2.0625,5.875],"texture":"#0"},"south":{"uv":[6.15625,2.5625,5.71875,2.75],"texture":"#0"},"west":{"uv":[2.1875,5.6875,2.0625,5.875],"texture":"#0"},"up":{"uv":[2.625,5.4375,2.75,5],"rotation":90,"texture":"#0"},"down":{"uv":[2.625,5.4375,2.75,5],"rotation":90,"texture":"#0"}}},{"from":[8,-4.5,24.5],"to":[15,-1.5,26.5],"rotation":{"angle":22.5,"axis":"x","origin":[8,-0.75,8.51535]},"faces":{"north":{"uv":[5.71875,2.5625,6.15625,2.75],"texture":"#0"},"east":{"uv":[2.0625,5.6875,2.1875,5.875],"texture":"#0"},"south":{"uv":[5.71875,2.5625,6.15625,2.75],"texture":"#0"},"west":{"uv":[2.0625,5.6875,2.1875,5.875],"texture":"#0"},"up":{"uv":[2.625,5,2.75,5.4375],"rotation":90,"texture":"#0"},"down":{"uv":[2.625,5,2.75,5.4375],"rotation":90,"texture":"#0"}}},{"from":[8,-1.5,24.5],"to":[15,1.5,26.5],"rotation":{"angle":22.5,"axis":"x","origin":[8,-0.75,8.51535]},"faces":{"north":{"uv":[5.71875,2.5625,6.15625,2.75],"texture":"#0"},"east":{"uv":[2.0625,5.6875,2.1875,5.875],"texture":"#0"},"south":{"uv":[5.71875,2.5625,6.15625,2.75],"texture":"#0"},"west":{"uv":[2.0625,5.6875,2.1875,5.875],"texture":"#0"},"up":{"uv":[2.625,5,2.75,5.4375],"rotation":90,"texture":"#0"},"down":{"uv":[2.625,5,2.75,5.4375],"rotation":90,"texture":"#0"}}},{"from":[-2.5,-7.5,1.5],"to":[18.5,-4.5,27],"rotation":{"angle":22.5,"axis":"x","origin":[8,-0.75,8.51535]},"faces":{"north":{"uv":[6.0625,3.0625,7.375,3.25],"texture":"#0"},"east":{"uv":[5.75,4.03125,7.34375,4.21875],"texture":"#0"},"south":{"uv":[6.0625,3.0625,7.375,3.25],"texture":"#0"},"west":{"uv":[5.75,4.03125,7.34375,4.21875],"texture":"#0"},"up":{"uv":[9.8125,3.46875,8.5,1.875],"texture":"#0"},"down":{"uv":[9.8125,3.46875,8.5,1.875],"texture":"#0"}}},{"from":[19.5,-16,3],"to":[19.5,0,19],"rotation":{"angle":0,"axis":"y","origin":[19.1,-8.5,8.5]},"faces":{"north":{"uv":[0,0,0,1],"texture":"#missing"},"east":{"uv":[7.375,2.875,8.375,3.875],"texture":"#0"},"south":{"uv":[0,0,0,1],"texture":"#missing"},"west":{"uv":[7.375,2.875,8.375,3.875],"texture":"#0"},"up":{"uv":[0,0,0,1],"texture":"#missing"},"down":{"uv":[0,0,0,1],"texture":"#missing"}}},{"from":[-3.5,-16,3],"to":[-3.5,0,19],"rotation":{"angle":0,"axis":"y","origin":[-3.1,-8.5,8.5]},"faces":{"north":{"uv":[0,0,0,1],"texture":"#missing"},"east":{"uv":[8.375,2.875,7.375,3.875],"texture":"#0"},"south":{"uv":[0,0,0,1],"texture":"#missing"},"west":{"uv":[8.375,2.875,7.375,3.875],"texture":"#0"},"up":{"uv":[0,0,0,1],"texture":"#missing"},"down":{"uv":[0,0,0,1],"texture":"#missing"}}}],"gui_light":"front","display":{"thirdperson_righthand":{"rotation":[67.5,0,0],"translation":[0,4.75,4.25],"scale":[0.27539,0.27539,0.27539]},"thirdperson_lefthand":{"rotation":[67.5,0,0],"translation":[0,4.75,4.25],"scale":[0.27539,0.27539,0.27539]},"firstperson_righthand":{"rotation":[0,225,0],"translation":[1.75,4.75,0],"scale":[0.4,0.4,0.4]},"firstperson_lefthand":{"rotation":[0,225,0],"translation":[1.75,4.75,0],"scale":[0.4,0.4,0.4]},"ground":{"translation":[0,3,0],"scale":[0.25,0.25,0.25]},"gui":{"rotation":[-139.27,-36.11,-163.6],"translation":[0.5,3.25,0],"scale":[0.34531,0.34531,0.34531]},"head":{"translation":[0,9.25,-1.25],"scale":[0,0,0]},"fixed":{"rotation":[-90,0,0],"translation":[0,6,-48],"scale":[2,2,2]}}}