{"credit":"MadewithBlockbench","texture_size":[256,256],"textures":{"0":"elitecreatures:medieval_market_decoration_v1/medeivalmarket_02","particle":"elitecreatures:medieval_market_decoration_v1/medeivalmarket_02"},"elements":[{"from":[2.5,0,2.5],"to":[13.5,10,13.5],"rotation":{"angle":0,"axis":"y","origin":[1,0,7]},"faces":{"north":{"uv":[6.3125,5.5625,7,6.1875],"texture":"#0"},"east":{"uv":[6.3125,5.5625,7,6.1875],"texture":"#0"},"south":{"uv":[6.3125,5.5625,7,6.1875],"texture":"#0"},"west":{"uv":[6.3125,5.5625,7,6.1875],"texture":"#0"},"up":{"uv":[6.3125,6.21875,7,6.90625],"texture":"#0"},"down":{"uv":[6.3125,6.21875,7,6.90625],"texture":"#0"}}},{"from":[3,9.5,6],"to":[5,18.5,9],"rotation":{"angle":22.5,"axis":"x","origin":[3,-1.5,2.5]},"faces":{"north":{"uv":[8.25,1.5625,8.375,1],"texture":"#0"},"east":{"uv":[7.1875,1.40625,6.625,1.59375],"rotation":270,"texture":"#0"},"south":{"uv":[8.25,1.5625,8.375,1],"texture":"#0"},"west":{"uv":[7.1875,1.40625,6.625,1.59375],"rotation":270,"texture":"#0"},"up":{"uv":[7.25,1,7.375,0.8125],"texture":"#0"},"down":{"uv":[7.25,1,7.375,0.8125],"texture":"#0"}}},{"from":[11,9.5,6],"to":[13,18.5,9],"rotation":{"angle":22.5,"axis":"x","origin":[13,-1.5,2.5]},"faces":{"north":{"uv":[8.375,1.5625,8.25,1],"texture":"#0"},"east":{"uv":[7.1875,1.59375,6.625,1.40625],"rotation":270,"texture":"#0"},"south":{"uv":[8.375,1.5625,8.25,1],"texture":"#0"},"west":{"uv":[7.1875,1.59375,6.625,1.40625],"rotation":270,"texture":"#0"},"up":{"uv":[7.375,1,7.25,0.8125],"texture":"#0"},"down":{"uv":[7.375,1,7.25,0.8125],"texture":"#0"}}},{"from":[2,3.5,2],"to":[14,6.5,14],"rotation":{"angle":0,"axis":"y","origin":[1,0,7]},"faces":{"north":{"uv":[5.0625,6.75,5.8125,6.9375],"texture":"#0"},"east":{"uv":[5.0625,6.75,5.8125,6.9375],"texture":"#0"},"south":{"uv":[5.0625,6.75,5.8125,6.9375],"texture":"#0"},"west":{"uv":[5.0625,6.75,5.8125,6.9375],"texture":"#0"},"up":{"uv":[8.375,0,9.125,0.75],"texture":"#0"},"down":{"uv":[8.375,0,9.125,0.75],"texture":"#0"}}},{"from":[1.5,6.5,1.5],"to":[14.5,8.5,14.5],"rotation":{"angle":0,"axis":"y","origin":[1,0,7]},"faces":{"north":{"uv":[8.8125,1.75,9.625,1.875],"texture":"#0"},"east":{"uv":[8.8125,1.75,9.625,1.875],"texture":"#0"},"south":{"uv":[8.8125,1.75,9.625,1.875],"texture":"#0"},"west":{"uv":[8.8125,1.75,9.625,1.875],"texture":"#0"},"up":{"uv":[9.25,0,10.0625,0.8125],"texture":"#0"},"down":{"uv":[9.25,0,10.0625,0.8125],"texture":"#0"}}},{"from":[1.5,1.5,1.5],"to":[14.5,3.5,14.5],"rotation":{"angle":0,"axis":"y","origin":[1,0,7]},"faces":{"north":{"uv":[8.8125,1.75,9.625,1.875],"texture":"#0"},"east":{"uv":[8.8125,1.75,9.625,1.875],"texture":"#0"},"south":{"uv":[8.8125,1.75,9.625,1.875],"texture":"#0"},"west":{"uv":[8.8125,1.75,9.625,1.875],"texture":"#0"},"up":{"uv":[9.25,0,10.0625,0.8125],"texture":"#0"},"down":{"uv":[9.25,0,10.0625,0.8125],"texture":"#0"}}},{"from":[1,14,12.5],"to":[15,18,16.5],"rotation":{"angle":0,"axis":"y","origin":[-3,15,13]},"faces":{"north":{"uv":[0.25,5.8125,0,6.6875],"rotation":90,"texture":"#0"},"east":{"uv":[1.4375,5.8125,1.1875,5.5625],"rotation":180,"texture":"#0"},"south":{"uv":[0.25,5.8125,0,6.6875],"rotation":270,"texture":"#0"},"west":{"uv":[1.4375,5.8125,1.1875,5.5625],"texture":"#0"},"up":{"uv":[0.25,5.8125,0,6.6875],"rotation":270,"texture":"#0"},"down":{"uv":[0.25,5.8125,0,6.6875],"rotation":270,"texture":"#0"}}}],"gui_light":"front","display":{"thirdperson_righthand":{"rotation":[67.5,0,0],"translation":[0,2,2],"scale":[0.36914,0.36914,0.36914]},"thirdperson_lefthand":{"rotation":[67.5,0,0],"translation":[0,2,2],"scale":[0.36914,0.36914,0.36914]},"firstperson_righthand":{"translation":[0,0.5,0],"scale":[0.52305,0.52305,0.52305]},"firstperson_lefthand":{"translation":[0,0.5,0],"scale":[0.52305,0.52305,0.52305]},"ground":{"translation":[0,3,0],"scale":[0.45703,0.45703,0.45703]},"gui":{"rotation":[30,225,0],"translation":[0.25,-1,0],"scale":[0.5957,0.5957,0.5957]},"head":{"translation":[0,-28,0],"scale":[0,0,0]},"fixed":{"rotation":[-90,0,0],"translation":[0,0,-19.25],"scale":[2.41445,2.41445,2.41445]}}}