{"credit":"MadewithBlockbench","texture_size":[256,256],"textures":{"0":"elitecreatures:medieval_market_decoration_v1/medeivalmarket_02","particle":"elitecreatures:medieval_market_decoration_v1/medeivalmarket_02"},"elements":[{"from":[4,1,4],"to":[12,3,12],"faces":{"north":{"uv":[7.3125,7.75,7.8125,7.875],"texture":"#0"},"east":{"uv":[7.3125,7.75,7.8125,7.875],"texture":"#0"},"south":{"uv":[7.3125,7.75,7.8125,7.875],"texture":"#0"},"west":{"uv":[7.3125,7.75,7.8125,7.875],"texture":"#0"},"up":{"uv":[7.8125,7.75,7.3125,7.25],"texture":"#0"},"down":{"uv":[7.8125,7.75,7.3125,7.25],"texture":"#0"}}},{"from":[3,0,2],"to":[13,1,14],"faces":{"north":{"uv":[7.75,6.90625,8.375,6.96875],"texture":"#0"},"east":{"uv":[7.75,6.96875,8.5,7.03125],"texture":"#0"},"south":{"uv":[7.75,6.90625,8.375,6.96875],"texture":"#0"},"west":{"uv":[7.75,6.96875,8.5,7.03125],"texture":"#0"},"up":{"uv":[8.375,6.90625,7.75,6.15625],"texture":"#0"},"down":{"uv":[8.375,6.90625,7.75,6.15625],"texture":"#0"}}},{"from":[2,0,3],"to":[3,1,13],"faces":{"north":{"uv":[8.375,7.03125,8.4375,7.09375],"texture":"#0"},"east":{"uv":[7.75,7.03125,8.375,7.09375],"texture":"#0"},"south":{"uv":[8.375,7.03125,8.4375,7.09375],"texture":"#0"},"west":{"uv":[7.75,7.03125,8.375,7.09375],"texture":"#0"},"up":{"uv":[8.4375,6.96875,8.375,6.34375],"texture":"#0"},"down":{"uv":[8.4375,6.96875,8.375,6.34375],"texture":"#0"}}},{"from":[13,0,3],"to":[14,1,13],"rotation":{"angle":0,"axis":"y","origin":[16,0,0]},"faces":{"north":{"uv":[8.4375,7.03125,8.375,7.09375],"texture":"#0"},"east":{"uv":[8.375,7.03125,7.75,7.09375],"texture":"#0"},"south":{"uv":[8.4375,7.03125,8.375,7.09375],"texture":"#0"},"west":{"uv":[8.375,7.03125,7.75,7.09375],"texture":"#0"},"up":{"uv":[8.375,6.96875,8.4375,6.34375],"texture":"#0"},"down":{"uv":[8.375,6.96875,8.4375,6.34375],"texture":"#0"}}},{"from":[-7,0,7],"to":[-3,1,11],"faces":{"north":{"uv":[8.5,5.90625,8.75,5.96875],"texture":"#0"},"east":{"uv":[8.5,5.90625,8.75,5.96875],"texture":"#0"},"south":{"uv":[8.5,5.90625,8.75,5.96875],"texture":"#0"},"west":{"uv":[8.5,5.90625,8.75,5.96875],"texture":"#0"},"up":{"uv":[8.5,6.15625,8.25,5.90625],"texture":"#0"},"down":{"uv":[8.5,6.15625,8.25,5.90625],"texture":"#0"}}},{"from":[-10,0,13],"to":[-6,1,17],"rotation":{"angle":22.5,"axis":"y","origin":[0,0,0]},"faces":{"north":{"uv":[8.5,5.90625,8.75,5.96875],"texture":"#0"},"east":{"uv":[8.5,5.90625,8.75,5.96875],"texture":"#0"},"south":{"uv":[8.5,5.90625,8.75,5.96875],"texture":"#0"},"west":{"uv":[8.5,5.90625,8.75,5.96875],"texture":"#0"},"up":{"uv":[8.5,6.15625,8.25,5.90625],"texture":"#0"},"down":{"uv":[8.5,6.15625,8.25,5.90625],"texture":"#0"}}},{"from":[-8,1,6],"to":[-2,4,12],"faces":{"north":{"uv":[8.3125,5.71875,8.6875,5.90625],"texture":"#0"},"east":{"uv":[8.3125,5.71875,8.6875,5.90625],"texture":"#0"},"south":{"uv":[8.3125,5.71875,8.6875,5.90625],"texture":"#0"},"west":{"uv":[8.3125,5.71875,8.6875,5.90625],"texture":"#0"},"up":{"uv":[8.6875,5.71875,8.3125,5.34375],"texture":"#0"},"down":{"uv":[8.6875,5.71875,8.3125,5.34375],"texture":"#0"}}},{"from":[-7.5,4,6.5],"to":[-2.5,6,11.5],"faces":{"north":{"uv":[8,5.34375,8.3125,5.46875],"texture":"#0"},"east":{"uv":[8,5.34375,8.3125,5.46875],"texture":"#0"},"south":{"uv":[8,5.34375,8.3125,5.46875],"texture":"#0"},"west":{"uv":[8,5.34375,8.3125,5.46875],"texture":"#0"},"up":{"uv":[8.3125,5.78125,8,5.46875],"texture":"#0"},"down":{"uv":[8.3125,5.78125,8,5.46875],"texture":"#0"}}},{"from":[-6,6,8],"to":[-4,10,10],"faces":{"north":{"uv":[8.125,5.90625,8.25,6.15625],"texture":"#0"},"east":{"uv":[8.125,5.90625,8.25,6.15625],"texture":"#0"},"south":{"uv":[8.125,5.90625,8.25,6.15625],"texture":"#0"},"west":{"uv":[8.125,5.90625,8.25,6.15625],"texture":"#0"},"up":{"uv":[8.25,5.90625,8.125,5.78125],"texture":"#0"},"down":{"uv":[8.25,5.90625,8.125,5.78125],"texture":"#0"}}},{"from":[-7,10,7],"to":[-3,12,11],"faces":{"north":{"uv":[7.875,6.03125,8.125,6.15625],"texture":"#0"},"east":{"uv":[7.875,6.03125,8.125,6.15625],"texture":"#0"},"south":{"uv":[7.875,6.03125,8.125,6.15625],"texture":"#0"},"west":{"uv":[7.875,6.03125,8.125,6.15625],"texture":"#0"},"up":{"uv":[8.125,6.03125,7.875,5.78125],"texture":"#0"},"down":{"uv":[8.125,6.03125,7.875,5.78125],"texture":"#0"}}},{"from":[-10,10,13],"to":[-6,12,17],"rotation":{"angle":22.5,"axis":"y","origin":[0,0,0]},"faces":{"north":{"uv":[7.875,6.03125,8.125,6.15625],"texture":"#0"},"east":{"uv":[7.875,6.03125,8.125,6.15625],"texture":"#0"},"south":{"uv":[7.875,6.03125,8.125,6.15625],"texture":"#0"},"west":{"uv":[7.875,6.03125,8.125,6.15625],"texture":"#0"},"up":{"uv":[8.125,6.03125,7.875,5.78125],"texture":"#0"},"down":{"uv":[8.125,6.03125,7.875,5.78125],"texture":"#0"}}},{"from":[-9,6,14],"to":[-7,10,16],"rotation":{"angle":22.5,"axis":"y","origin":[0,0,0]},"faces":{"north":{"uv":[8.125,5.90625,8.25,6.15625],"texture":"#0"},"east":{"uv":[8.125,5.90625,8.25,6.15625],"texture":"#0"},"south":{"uv":[8.125,5.90625,8.25,6.15625],"texture":"#0"},"west":{"uv":[8.125,5.90625,8.25,6.15625],"texture":"#0"},"up":{"uv":[8.25,5.90625,8.125,5.78125],"texture":"#0"},"down":{"uv":[8.25,5.90625,8.125,5.78125],"texture":"#0"}}},{"from":[-10.5,4,12.5],"to":[-5.5,6,17.5],"rotation":{"angle":22.5,"axis":"y","origin":[0,0,0]},"faces":{"north":{"uv":[8,5.34375,8.3125,5.46875],"texture":"#0"},"east":{"uv":[8,5.34375,8.3125,5.46875],"texture":"#0"},"south":{"uv":[8,5.34375,8.3125,5.46875],"texture":"#0"},"west":{"uv":[8,5.34375,8.3125,5.46875],"texture":"#0"},"up":{"uv":[8.3125,5.78125,8,5.46875],"texture":"#0"},"down":{"uv":[8.3125,5.78125,8,5.46875],"texture":"#0"}}},{"from":[-11,1,12],"to":[-5,4,18],"rotation":{"angle":22.5,"axis":"y","origin":[0,0,0]},"faces":{"north":{"uv":[8.3125,5.71875,8.6875,5.90625],"texture":"#0"},"east":{"uv":[8.3125,5.71875,8.6875,5.90625],"texture":"#0"},"south":{"uv":[8.3125,5.71875,8.6875,5.90625],"texture":"#0"},"west":{"uv":[8.3125,5.71875,8.6875,5.90625],"texture":"#0"},"up":{"uv":[8.6875,5.71875,8.3125,5.34375],"texture":"#0"},"down":{"uv":[8.6875,5.71875,8.3125,5.34375],"texture":"#0"}}},{"from":[17,0,0],"to":[21,2,4],"faces":{"north":{"uv":[7.625,5.625,7.875,5.75],"texture":"#0"},"east":{"uv":[7.625,5.625,7.875,5.75],"texture":"#0"},"south":{"uv":[7.625,5.625,7.875,5.75],"texture":"#0"},"west":{"uv":[7.625,5.625,7.875,5.75],"texture":"#0"},"up":{"uv":[7.875,6,7.625,5.75],"texture":"#0"},"down":{"uv":[7.875,6,7.625,5.75],"texture":"#0"}}},{"from":[16,2,-1],"to":[22,5,5],"faces":{"north":{"uv":[7,5.5625,7.375,5.75],"texture":"#0"},"east":{"uv":[7,5.5625,7.375,5.75],"texture":"#0"},"south":{"uv":[7,5.5625,7.375,5.75],"texture":"#0"},"west":{"uv":[7,5.5625,7.375,5.75],"texture":"#0"},"up":{"uv":[7.375,6.125,7,5.75],"texture":"#0"},"down":{"uv":[7.375,6.125,7,5.75],"texture":"#0"}}},{"from":[15.5,5,-1.5],"to":[22.5,10,5.5],"faces":{"north":{"uv":[7.125,5.1875,7.5625,5.5],"texture":"#0"},"east":{"uv":[7.125,5.1875,7.5625,5.5],"texture":"#0"},"south":{"uv":[7.125,5.1875,7.5625,5.5],"texture":"#0"},"west":{"uv":[7.125,5.1875,7.5625,5.5],"texture":"#0"},"up":{"uv":[8,5.625,7.5625,5.1875],"texture":"#0"},"down":{"uv":[8,5.625,7.5625,5.1875],"texture":"#0"}}},{"from":[17,10,0],"to":[21,12,4],"faces":{"north":{"uv":[7.375,5.625,7.625,5.75],"texture":"#0"},"east":{"uv":[7.375,5.625,7.625,5.75],"texture":"#0"},"south":{"uv":[7.375,5.625,7.625,5.75],"texture":"#0"},"west":{"uv":[7.375,5.625,7.625,5.75],"texture":"#0"},"up":{"uv":[7.625,6,7.375,5.75],"texture":"#0"},"down":{"uv":[7.625,6,7.375,5.75],"texture":"#0"}}},{"from":[-2,1,-12],"to":[0,5,-8],"rotation":{"angle":-45,"axis":"y","origin":[0,0,0]},"faces":{"north":{"uv":[7.375,5.625,7.625,5.75],"rotation":90,"texture":"#0"},"east":{"uv":[7.625,6,7.375,5.75],"rotation":270,"texture":"#0"},"south":{"uv":[7.375,5.625,7.625,5.75],"rotation":270,"texture":"#0"},"west":{"uv":[7.625,6,7.375,5.75],"rotation":270,"texture":"#0"},"up":{"uv":[7.375,5.625,7.625,5.75],"rotation":270,"texture":"#0"},"down":{"uv":[7.375,5.625,7.625,5.75],"rotation":270,"texture":"#0"}}},{"from":[0,-0.5,-13.5],"to":[5,6.5,-6.5],"rotation":{"angle":-45,"axis":"y","origin":[0,0,0]},"faces":{"north":{"uv":[7.125,5.1875,7.5625,5.5],"rotation":90,"texture":"#0"},"east":{"uv":[8,5.625,7.5625,5.1875],"rotation":270,"texture":"#0"},"south":{"uv":[7.125,5.1875,7.5625,5.5],"rotation":270,"texture":"#0"},"west":{"uv":[8,5.625,7.5625,5.1875],"rotation":270,"texture":"#0"},"up":{"uv":[7.125,5.1875,7.5625,5.5],"rotation":270,"texture":"#0"},"down":{"uv":[7.125,5.1875,7.5625,5.5],"rotation":270,"texture":"#0"}}},{"from":[5,0,-13],"to":[8,6,-7],"rotation":{"angle":-45,"axis":"y","origin":[0,0,0]},"faces":{"north":{"uv":[7,5.5625,7.375,5.75],"rotation":90,"texture":"#0"},"east":{"uv":[7.375,6.125,7,5.75],"rotation":270,"texture":"#0"},"south":{"uv":[7,5.5625,7.375,5.75],"rotation":270,"texture":"#0"},"west":{"uv":[7.375,6.125,7,5.75],"rotation":270,"texture":"#0"},"up":{"uv":[7,5.5625,7.375,5.75],"rotation":270,"texture":"#0"},"down":{"uv":[7,5.5625,7.375,5.75],"rotation":270,"texture":"#0"}}},{"from":[8,1,-12],"to":[10,5,-8],"rotation":{"angle":-45,"axis":"y","origin":[0,0,0]},"faces":{"north":{"uv":[7.625,5.625,7.875,5.75],"rotation":90,"texture":"#0"},"east":{"uv":[7.875,6,7.625,5.75],"rotation":270,"texture":"#0"},"south":{"uv":[7.625,5.625,7.875,5.75],"rotation":270,"texture":"#0"},"west":{"uv":[7.875,6,7.625,5.75],"rotation":270,"texture":"#0"},"up":{"uv":[7.625,5.625,7.875,5.75],"rotation":270,"texture":"#0"},"down":{"uv":[7.625,5.625,7.875,5.75],"rotation":270,"texture":"#0"}}},{"from":[3,3,3],"to":[13,7,13],"faces":{"north":{"uv":[6.6875,7.25,7.3125,7.5],"texture":"#0"},"east":{"uv":[6.6875,7.25,7.3125,7.5],"texture":"#0"},"south":{"uv":[6.6875,7.25,7.3125,7.5],"texture":"#0"},"west":{"uv":[6.6875,7.25,7.3125,7.5],"texture":"#0"},"up":{"uv":[7.3125,8.125,6.6875,7.5],"texture":"#0"},"down":{"uv":[7.3125,8.125,6.6875,7.5],"texture":"#0"}}},{"from":[2,7,2],"to":[14,13,14],"faces":{"north":{"uv":[7,6.125,7.75,6.5],"texture":"#0"},"east":{"uv":[7,6.125,7.75,6.5],"texture":"#0"},"south":{"uv":[7,6.125,7.75,6.5],"texture":"#0"},"west":{"uv":[7,6.125,7.75,6.5],"texture":"#0"},"up":{"uv":[7.75,7.25,7,6.5],"texture":"#0"},"down":{"uv":[7.75,7.25,7,6.5],"texture":"#0"}}},{"from":[4,13,4],"to":[12,15,12],"faces":{"north":{"uv":[7.375,6,7.875,6.125],"texture":"#0"},"east":{"uv":[7.375,6,7.875,6.125],"texture":"#0"},"south":{"uv":[7.375,6,7.875,6.125],"texture":"#0"},"west":{"uv":[7.375,6,7.875,6.125],"texture":"#0"}}},{"from":[3,15,3],"to":[13,17,13],"faces":{"north":{"uv":[7.3125,7.875,7.9375,8],"texture":"#0"},"east":{"uv":[7.3125,7.875,7.9375,8],"texture":"#0"},"south":{"uv":[7.3125,7.875,7.9375,8],"texture":"#0"},"west":{"uv":[7.3125,7.875,7.9375,8],"texture":"#0"},"up":{"uv":[8.4375,7.875,7.8125,7.25],"texture":"#0"},"down":{"uv":[8.4375,7.875,7.8125,7.25],"texture":"#0"}}},{"from":[-2,5,8],"to":[4,16,8],"rotation":{"angle":0,"axis":"y","origin":[16,0,0]},"faces":{"north":{"uv":[7.125,3.25,6.75,3.9375],"texture":"#0"},"east":{"uv":[8.21875,4.53125,8.21875,5.21875],"texture":"#0"},"south":{"uv":[6.75,3.25,7.125,3.9375],"texture":"#0"},"west":{"uv":[8.21875,4.53125,8.21875,5.21875],"texture":"#0"},"up":{"uv":[8.21875,4.53125,8.59375,4.53125],"texture":"#0"},"down":{"uv":[8.21875,4.53125,8.59375,4.53125],"texture":"#0"}}},{"from":[12,5,8],"to":[18,16,8],"faces":{"north":{"uv":[6.75,3.25,7.125,3.9375],"texture":"#0"},"east":{"uv":[8.21875,4.53125,8.21875,5.21875],"texture":"#0"},"south":{"uv":[7.125,3.25,6.75,3.9375],"texture":"#0"},"west":{"uv":[8.21875,4.53125,8.21875,5.21875],"texture":"#0"},"up":{"uv":[8.59375,4.53125,8.21875,4.53125],"texture":"#0"},"down":{"uv":[8.59375,4.53125,8.21875,4.53125],"texture":"#0"}}}],"gui_light":"front","display":{"thirdperson_righthand":{"rotation":[67.5,0,0],"translation":[0.25,1.5,2],"scale":[0.28711,0.28711,0.28711]},"thirdperson_lefthand":{"rotation":[67.5,0,0],"translation":[0.25,1.5,2],"scale":[0.28711,0.28711,0.28711]},"firstperson_righthand":{"rotation":[0,225,0],"translation":[0,0.5,0],"scale":[0.48203,0.48203,0.48203]},"firstperson_lefthand":{"rotation":[0,225,0],"translation":[0,0.5,0],"scale":[0.48203,0.48203,0.48203]},"ground":{"translation":[0,3,0],"scale":[0.32813,0.32813,0.32813]},"gui":{"rotation":[30,225,0],"translation":[-1,0.75,0],"scale":[0.56797,0.56797,0.56797]},"head":{"translation":[-0.25,-33.75,0],"scale":[0,0,0]},"fixed":{"rotation":[-90,0,0],"translation":[-0.25,0.75,-12.75],"scale":[1.6,1.6,1.6]}}}