{"credit":"MadewithBlockbench","texture_size":[256,256],"textures":{"0":"elitecreatures:medieval_market_decoration_v1/medeivalmarket_02","particle":"elitecreatures:medieval_market_decoration_v1/medeivalmarket_02"},"elements":[{"from":[-12,-12,5],"to":[-6,25,11],"rotation":{"angle":0,"axis":"y","origin":[16,0,0]},"faces":{"north":{"uv":[0,7.78125,0.375,10.09375],"texture":"#0"},"east":{"uv":[0,7.78125,0.375,10.09375],"texture":"#0"},"south":{"uv":[0,7.78125,0.375,10.09375],"texture":"#0"},"west":{"uv":[0,7.78125,0.375,10.09375],"texture":"#0"},"up":{"uv":[0.375,8.15625,0.75,7.78125],"texture":"#0"},"down":{"uv":[0.375,8.15625,0.75,7.78125],"texture":"#0"}}},{"from":[-13,2,-1.1],"to":[-4,14,-1.1],"faces":{"north":{"uv":[11.28125,4.71875,11.84375,5.46875],"texture":"#0"},"east":{"uv":[6.8125,4.25,6.8125,5],"texture":"#0"},"south":{"uv":[11.28125,4.71875,11.84375,5.46875],"texture":"#0"},"west":{"uv":[6.8125,4.25,6.8125,5],"texture":"#0"},"up":{"uv":[6.9375,5,6.9375,4.4375],"rotation":90,"texture":"#0"},"down":{"uv":[6.9375,5,6.9375,4.4375],"rotation":270,"texture":"#0"}}},{"from":[-6,-3.5,7.5],"to":[22,18.5,8.5],"faces":{"north":{"uv":[14.25,0,16,1.375],"texture":"#0"},"east":{"uv":[0,0,0.0625,1.375],"texture":"#missing"},"south":{"uv":[14.25,0,16,1.375],"texture":"#0"},"west":{"uv":[0,0,0.0625,1.375],"texture":"#missing"},"up":{"uv":[0,0,1.75,0.0625],"texture":"#missing"},"down":{"uv":[0,0,1.75,0.0625],"texture":"#missing"}}},{"from":[8,-4.5,7],"to":[23,-2.5,9],"rotation":{"angle":0,"axis":"y","origin":[-6.4,14.25,12.51535]},"faces":{"north":{"uv":[7.25,1.875,8.1875,1.75],"texture":"#0"},"east":{"uv":[7.25,0.6875,7.375,0.8125],"texture":"#0"},"south":{"uv":[7.25,1.875,8.1875,1.75],"texture":"#0"},"west":{"uv":[7.25,0.6875,7.375,0.8125],"texture":"#0"},"up":{"uv":[9.875,1,10,1.9375],"rotation":90,"texture":"#0"},"down":{"uv":[10,1,9.875,1.9375],"rotation":270,"texture":"#0"}}},{"from":[-7,-4.5,7],"to":[8,-2.5,9],"rotation":{"angle":0,"axis":"y","origin":[22.4,14.25,12.51535]},"faces":{"north":{"uv":[8.1875,1.875,7.25,1.75],"texture":"#0"},"east":{"uv":[7.375,0.6875,7.25,0.8125],"texture":"#0"},"south":{"uv":[8.1875,1.875,7.25,1.75],"texture":"#0"},"west":{"uv":[7.375,0.6875,7.25,0.8125],"texture":"#0"},"up":{"uv":[9.875,1.9375,10,1],"rotation":90,"texture":"#0"},"down":{"uv":[10,1.9375,9.875,1],"rotation":270,"texture":"#0"}}},{"from":[8,17,7],"to":[23,19,9],"rotation":{"angle":0,"axis":"y","origin":[-6.4,14.25,12.51535]},"faces":{"north":{"uv":[7.25,1.875,8.1875,1.75],"texture":"#0"},"east":{"uv":[7.25,0.6875,7.375,0.8125],"texture":"#0"},"south":{"uv":[7.25,1.875,8.1875,1.75],"texture":"#0"},"west":{"uv":[7.25,0.6875,7.375,0.8125],"texture":"#0"},"up":{"uv":[9.875,1,10,1.9375],"rotation":90,"texture":"#0"},"down":{"uv":[10,1,9.875,1.9375],"rotation":270,"texture":"#0"}}},{"from":[-7,17,7],"to":[8,19,9],"rotation":{"angle":0,"axis":"y","origin":[22.4,14.25,12.51535]},"faces":{"north":{"uv":[7.25,1.875,8.1875,1.75],"texture":"#0"},"east":{"uv":[7.375,0.6875,7.25,0.8125],"texture":"#0"},"south":{"uv":[8.1875,1.875,7.25,1.75],"texture":"#0"},"west":{"uv":[7.375,0.6875,7.25,0.8125],"texture":"#0"},"up":{"uv":[9.875,1.9375,10,1],"rotation":90,"texture":"#0"},"down":{"uv":[10,1.9375,9.875,1],"rotation":270,"texture":"#0"}}},{"from":[20,-16,3],"to":[30,-12,13],"faces":{"north":{"uv":[4.03125,9.6875,4.65625,9.9375],"texture":"#0"},"east":{"uv":[4.21875,9.6875,4.84375,9.9375],"texture":"#0"},"south":{"uv":[4.03125,9.6875,4.65625,9.9375],"texture":"#0"},"west":{"uv":[4.21875,9.6875,4.84375,9.9375],"texture":"#0"},"up":{"uv":[2.25,8.8125,2.875,9.4375],"texture":"#0"},"down":{"uv":[2.25,8.8125,2.875,9.4375],"texture":"#0"}}},{"from":[21,-12,4],"to":[29,-9,12],"faces":{"north":{"uv":[4.03125,9.6875,4.53125,9.875],"texture":"#0"},"east":{"uv":[4.21875,9.6875,4.71875,9.875],"texture":"#0"},"south":{"uv":[4.03125,9.6875,4.53125,9.875],"texture":"#0"},"west":{"uv":[4.21875,9.6875,4.71875,9.875],"texture":"#0"},"up":{"uv":[2.25,8.8125,2.75,9.3125],"texture":"#0"},"down":{"uv":[2.25,8.8125,2.75,9.3125],"texture":"#0"}}},{"from":[-13,-12,4],"to":[-5,-9,12],"rotation":{"angle":0,"axis":"y","origin":[16,0,0]},"faces":{"north":{"uv":[4.53125,9.6875,4.03125,9.875],"texture":"#0"},"east":{"uv":[4.71875,9.6875,4.21875,9.875],"texture":"#0"},"south":{"uv":[4.53125,9.6875,4.03125,9.875],"texture":"#0"},"west":{"uv":[4.71875,9.6875,4.21875,9.875],"texture":"#0"},"up":{"uv":[2.75,8.8125,2.25,9.3125],"texture":"#0"},"down":{"uv":[2.75,8.8125,2.25,9.3125],"texture":"#0"}}},{"from":[-14,-16,3],"to":[-4,-12,13],"rotation":{"angle":0,"axis":"y","origin":[16,0,0]},"faces":{"north":{"uv":[4.65625,9.6875,4.03125,9.9375],"texture":"#0"},"east":{"uv":[4.84375,9.6875,4.21875,9.9375],"texture":"#0"},"south":{"uv":[4.65625,9.6875,4.03125,9.9375],"texture":"#0"},"west":{"uv":[4.84375,9.6875,4.21875,9.9375],"texture":"#0"},"up":{"uv":[2.875,8.8125,2.25,9.4375],"texture":"#0"},"down":{"uv":[2.875,8.8125,2.25,9.4375],"texture":"#0"}}},{"from":[-13,18,4],"to":[-5,26,12],"faces":{"north":{"uv":[1.625,9.6875,1.125,10.1875],"texture":"#0"},"east":{"uv":[1.625,9.6875,1.125,10.1875],"texture":"#0"},"south":{"uv":[1.625,9.6875,1.125,10.1875],"texture":"#0"},"west":{"uv":[1.625,9.6875,1.125,10.1875],"texture":"#0"},"up":{"uv":[2.125,10.1875,1.625,9.6875],"texture":"#0"},"down":{"uv":[2.125,10.1875,1.625,9.6875],"texture":"#0"}}},{"from":[21,18,4],"to":[29,26,12],"rotation":{"angle":0,"axis":"y","origin":[16,0,0]},"faces":{"north":{"uv":[1.125,9.6875,1.625,10.1875],"texture":"#0"},"east":{"uv":[1.125,9.6875,1.625,10.1875],"texture":"#0"},"south":{"uv":[1.125,9.6875,1.625,10.1875],"texture":"#0"},"west":{"uv":[1.125,9.6875,1.625,10.1875],"texture":"#0"},"up":{"uv":[1.625,10.1875,2.125,9.6875],"texture":"#0"},"down":{"uv":[1.625,10.1875,2.125,9.6875],"texture":"#0"}}},{"from":[26,26,5],"to":[28,30,11],"rotation":{"angle":0,"axis":"y","origin":[16,0,0]},"faces":{"north":{"uv":[1.125,9.6875,1.25,9.9375],"texture":"#0"},"east":{"uv":[1.125,9.6875,1.5,9.9375],"texture":"#0"},"south":{"uv":[1.125,9.6875,1.25,9.9375],"texture":"#0"},"west":{"uv":[1.125,9.6875,1.5,9.9375],"texture":"#0"},"up":{"uv":[1.625,10.0625,1.75,9.6875],"texture":"#0"},"down":{"uv":[1.625,10.0625,1.75,9.6875],"texture":"#0"}}},{"from":[22,26,5],"to":[24,30,11],"rotation":{"angle":0,"axis":"y","origin":[16,0,0]},"faces":{"north":{"uv":[1.125,9.6875,1.25,9.9375],"texture":"#0"},"east":{"uv":[1.125,9.6875,1.5,9.9375],"texture":"#0"},"south":{"uv":[1.125,9.6875,1.25,9.9375],"texture":"#0"},"west":{"uv":[1.125,9.6875,1.5,9.9375],"texture":"#0"},"up":{"uv":[1.625,10.0625,1.75,9.6875],"texture":"#0"},"down":{"uv":[1.625,10.0625,1.75,9.6875],"texture":"#0"}}},{"from":[-12,26,5],"to":[-10,30,11],"rotation":{"angle":0,"axis":"y","origin":[16,0,0]},"faces":{"north":{"uv":[1.125,9.6875,1.25,9.9375],"texture":"#0"},"east":{"uv":[1.125,9.6875,1.5,9.9375],"texture":"#0"},"south":{"uv":[1.125,9.6875,1.25,9.9375],"texture":"#0"},"west":{"uv":[1.125,9.6875,1.5,9.9375],"texture":"#0"},"up":{"uv":[1.625,10.0625,1.75,9.6875],"texture":"#0"},"down":{"uv":[1.625,10.0625,1.75,9.6875],"texture":"#0"}}},{"from":[23.22183,26.6,3.37969],"to":[27.22183,30.6,20.37969],"rotation":{"angle":-22.5,"axis":"x","origin":[21,0,18]},"faces":{"north":{"uv":[1.4375,5.5625,1.6875,5.8125],"texture":"#0"},"east":{"uv":[4.125,5,5.1875,5.25],"texture":"#0"},"south":{"uv":[1.4375,5.5625,1.6875,5.8125],"texture":"#0"},"west":{"uv":[4.125,5,5.1875,5.25],"texture":"#0"},"up":{"uv":[4.125,5,5.1875,5.25],"rotation":90,"texture":"#0"},"down":{"uv":[4.125,5,5.1875,5.25],"rotation":270,"texture":"#0"}}},{"from":[-11.22183,26.6,3.37969],"to":[-7.22183,30.6,20.37969],"rotation":{"angle":-22.5,"axis":"x","origin":[-5,0,18]},"faces":{"north":{"uv":[1.6875,5.5625,1.4375,5.8125],"texture":"#0"},"east":{"uv":[5.1875,5,4.125,5.25],"texture":"#0"},"south":{"uv":[1.6875,5.5625,1.4375,5.8125],"texture":"#0"},"west":{"uv":[5.1875,5,4.125,5.25],"texture":"#0"},"up":{"uv":[4.125,5.25,5.1875,5],"rotation":90,"texture":"#0"},"down":{"uv":[4.125,5.25,5.1875,5],"rotation":270,"texture":"#0"}}},{"from":[-7,26.5,-2],"to":[8,28.5,0],"rotation":{"angle":-22.5,"axis":"x","origin":[22.4,14.25,12.51535]},"faces":{"north":{"uv":[8.1875,1.875,7.25,1.75],"texture":"#0"},"east":{"uv":[7.375,0.6875,7.25,0.8125],"texture":"#0"},"south":{"uv":[8.1875,1.875,7.25,1.75],"texture":"#0"},"west":{"uv":[7.375,0.6875,7.25,0.8125],"texture":"#0"},"up":{"uv":[9.875,1.9375,10,1],"rotation":90,"texture":"#0"},"down":{"uv":[10,1.9375,9.875,1],"rotation":270,"texture":"#0"}}},{"from":[8,26.5,-2],"to":[23,28.5,0],"rotation":{"angle":-22.5,"axis":"x","origin":[-6.4,14.25,12.51535]},"faces":{"north":{"uv":[7.25,1.875,8.1875,1.75],"texture":"#0"},"east":{"uv":[7.25,0.6875,7.375,0.8125],"texture":"#0"},"south":{"uv":[7.25,1.875,8.1875,1.75],"texture":"#0"},"west":{"uv":[7.25,0.6875,7.375,0.8125],"texture":"#0"},"up":{"uv":[9.875,1,10,1.9375],"rotation":90,"texture":"#0"},"down":{"uv":[10,1,9.875,1.9375],"rotation":270,"texture":"#0"}}},{"from":[-8,26,5],"to":[-6,30,11],"rotation":{"angle":0,"axis":"y","origin":[16,0,0]},"faces":{"north":{"uv":[1.125,9.6875,1.25,9.9375],"texture":"#0"},"east":{"uv":[1.125,9.6875,1.5,9.9375],"texture":"#0"},"south":{"uv":[1.125,9.6875,1.25,9.9375],"texture":"#0"},"west":{"uv":[1.125,9.6875,1.5,9.9375],"texture":"#0"},"up":{"uv":[1.625,10.0625,1.75,9.6875],"texture":"#0"},"down":{"uv":[1.625,10.0625,1.75,9.6875],"texture":"#0"}}},{"from":[21,14,4],"to":[29,17,12],"rotation":{"angle":0,"axis":"y","origin":[16,0,0]},"faces":{"north":{"uv":[1.625,9.96875,1.125,10.15625],"texture":"#0"},"east":{"uv":[1.125,9.96875,1.625,10.15625],"texture":"#0"},"south":{"uv":[1.125,9.96875,1.625,10.15625],"texture":"#0"},"west":{"uv":[1.125,9.96875,1.625,10.15625],"texture":"#0"},"up":{"uv":[1.625,10.1875,2.125,9.6875],"texture":"#0"},"down":{"uv":[1.625,10.1875,2.125,9.6875],"texture":"#0"}}},{"from":[-13,14,4],"to":[-5,17,12],"rotation":{"angle":0,"axis":"y","origin":[16,0,0]},"faces":{"north":{"uv":[1.625,9.96875,1.125,10.15625],"texture":"#0"},"east":{"uv":[1.125,9.96875,1.625,10.15625],"texture":"#0"},"south":{"uv":[1.125,9.96875,1.625,10.15625],"texture":"#0"},"west":{"uv":[1.125,9.96875,1.625,10.15625],"texture":"#0"},"up":{"uv":[1.625,10.1875,2.125,9.6875],"texture":"#0"},"down":{"uv":[1.625,10.1875,2.125,9.6875],"texture":"#0"}}},{"from":[22,-12,5],"to":[28,25,11],"faces":{"north":{"uv":[0.375,7.78125,0,10.09375],"texture":"#0"},"east":{"uv":[0.375,7.78125,0,10.09375],"texture":"#0"},"south":{"uv":[0.375,7.78125,0,10.09375],"texture":"#0"},"west":{"uv":[0.375,7.78125,0,10.09375],"texture":"#0"},"up":{"uv":[0.75,8.15625,0.375,7.78125],"texture":"#0"},"down":{"uv":[0.75,8.15625,0.375,7.78125],"texture":"#0"}}},{"from":[-16,19,5],"to":[8,25,11],"rotation":{"angle":0,"axis":"y","origin":[26,-9,0]},"faces":{"north":{"uv":[0,7.9375,0.375,9.4375],"rotation":90,"texture":"#0"},"east":{"uv":[0.75,8.15625,0.375,7.78125],"rotation":270,"texture":"#0"},"south":{"uv":[0.375,7.9375,0,9.4375],"rotation":90,"texture":"#0"},"west":{"uv":[0.75,8.15625,0.375,7.78125],"rotation":270,"texture":"#0"},"up":{"uv":[0.375,7.9375,0,9.4375],"rotation":90,"texture":"#0"},"down":{"uv":[0.375,7.9375,0,9.4375],"rotation":90,"texture":"#0"}}},{"from":[17,14,5.5],"to":[19,16,7.5],"rotation":{"angle":0,"axis":"y","origin":[11,-5,6]},"faces":{"north":{"uv":[8.8125,6.21875,8.9375,6.34375],"texture":"#0"},"east":{"uv":[8.8125,6.21875,8.9375,6.34375],"texture":"#0"},"south":{"uv":[8.8125,6.21875,8.9375,6.34375],"texture":"#0"},"west":{"uv":[8.8125,6.21875,8.9375,6.34375],"texture":"#0"},"up":{"uv":[8.8125,6.21875,8.9375,6.34375],"texture":"#0"},"down":{"uv":[8.8125,6.21875,8.9375,6.34375],"texture":"#0"}}},{"from":[17.5,11,6],"to":[18.5,14,7],"rotation":{"angle":0,"axis":"y","origin":[11,-5,6]},"faces":{"north":{"uv":[8.4375,6.40625,8.5,6.59375],"texture":"#0"},"east":{"uv":[8.4375,6.40625,8.5,6.59375],"texture":"#0"},"south":{"uv":[8.4375,6.40625,8.5,6.59375],"texture":"#0"},"west":{"uv":[8.4375,6.40625,8.5,6.59375],"texture":"#0"},"up":{"uv":[8.5,6.40625,8.4375,6.34375],"texture":"#0"},"down":{"uv":[8.5,6.40625,8.4375,6.34375],"texture":"#0"}}},{"from":[22.5,-15,-7],"to":[23.5,2,-6],"rotation":{"angle":22.5,"axis":"x","origin":[16,-22,-10.1]},"faces":{"north":{"uv":[8.8125,6.34375,8.875,7.40625],"texture":"#0"},"east":{"uv":[8.8125,6.34375,8.875,7.40625],"texture":"#0"},"south":{"uv":[8.8125,6.34375,8.875,7.40625],"texture":"#0"},"west":{"uv":[8.8125,6.34375,8.875,7.40625],"texture":"#0"},"up":{"uv":[8.5,6.40625,8.4375,6.34375],"texture":"#0"},"down":{"uv":[8.5,6.40625,8.4375,6.34375],"texture":"#0"}}},{"from":[15,9,5.5],"to":[21,11,7.5],"rotation":{"angle":0,"axis":"y","origin":[11,-5,6]},"faces":{"north":{"uv":[8.8125,5.96875,9.1875,6.09375],"texture":"#0"},"east":{"uv":[9.1875,5.96875,9.3125,6.09375],"texture":"#0"},"south":{"uv":[8.8125,5.96875,9.1875,6.09375],"texture":"#0"},"west":{"uv":[9.1875,5.96875,9.3125,6.09375],"texture":"#0"},"up":{"uv":[9.1875,6.21875,8.8125,6.09375],"texture":"#0"},"down":{"uv":[9.1875,6.21875,8.8125,6.09375],"texture":"#0"}}},{"from":[21,2,-7.2],"to":[25,4,-5.7],"rotation":{"angle":22.5,"axis":"x","origin":[16,-22,-10.1]},"faces":{"north":{"uv":[8.8125,5.96875,9.0625,6.09375],"texture":"#0"},"east":{"uv":[9.1875,5.96875,9.28125,6.09375],"texture":"#0"},"south":{"uv":[8.8125,5.96875,9.0625,6.09375],"texture":"#0"},"west":{"uv":[9.1875,5.96875,9.28125,6.09375],"texture":"#0"},"up":{"uv":[9.0625,6.1875,8.8125,6.09375],"texture":"#0"},"down":{"uv":[9.0625,6.1875,8.8125,6.09375],"texture":"#0"}}},{"from":[15.1,8.5,5],"to":[15.9,9.5,8],"rotation":{"angle":0,"axis":"y","origin":[1,0,0]},"faces":{"north":{"uv":[3.5,6.3125,3.55,6.375],"texture":"#0"},"east":{"uv":[3.4375,6.25,3.625,6.3125],"texture":"#0"},"south":{"uv":[3.5,6.3125,3.55,6.375],"texture":"#0"},"west":{"uv":[3.4375,6.25,3.625,6.3125],"texture":"#0"},"up":{"uv":[3.4375,6.3125,3.4875,6.5],"texture":"#0"},"down":{"uv":[3.4375,6.3125,3.4875,6.5],"texture":"#0"}}},{"from":[20.1,8.5,5],"to":[20.9,9.5,8],"rotation":{"angle":0,"axis":"y","origin":[17,0,0]},"faces":{"north":{"uv":[3.55,6.3125,3.5,6.375],"texture":"#0"},"east":{"uv":[3.625,6.25,3.4375,6.3125],"texture":"#0"},"south":{"uv":[3.55,6.3125,3.5,6.375],"texture":"#0"},"west":{"uv":[3.625,6.25,3.4375,6.3125],"texture":"#0"},"up":{"uv":[3.4875,6.3125,3.4375,6.5],"texture":"#0"},"down":{"uv":[3.4875,6.3125,3.4375,6.5],"texture":"#0"}}},{"from":[16,0,6],"to":[20,9,7],"rotation":{"angle":0,"axis":"y","origin":[11,-7,6]},"faces":{"north":{"uv":[8.5,5.96875,8.75,6.53125],"texture":"#0"},"east":{"uv":[8.75,5.96875,8.8125,6.53125],"texture":"#0"},"south":{"uv":[8.5,5.96875,8.75,6.53125],"texture":"#0"},"west":{"uv":[8.75,5.96875,8.8125,6.53125],"texture":"#0"},"up":{"uv":[8.75,6.53125,8.5,6.59375],"texture":"#0"},"down":{"uv":[8.75,6.53125,8.5,6.59375],"texture":"#0"}}},{"from":[22,4,-6.8],"to":[24,8,-6.1],"rotation":{"angle":22.5,"axis":"x","origin":[16,-22,-10.1]},"faces":{"north":{"uv":[8.53125,6.21875,8.65625,5.96875],"texture":"#0"},"east":{"uv":[8.75,5.96875,8.79375,6.21875],"texture":"#0"},"south":{"uv":[8.5,5.96875,8.625,6.21875],"texture":"#0"},"west":{"uv":[8.75,5.96875,8.79375,6.21875],"texture":"#0"},"up":{"uv":[8.625,6.53125,8.5,6.575],"texture":"#0"},"down":{"uv":[8.625,6.53125,8.5,6.575],"texture":"#0"}}},{"from":[15,-2,6.1],"to":[18,1,6.9],"rotation":{"angle":-45,"axis":"z","origin":[18,-2,6]},"faces":{"north":{"uv":[8.5,6.59375,8.6875,6.78125],"texture":"#0"},"east":{"uv":[8.4375,6.59375,8.4875,6.78125],"texture":"#0"},"south":{"uv":[8.5,6.59375,8.6875,6.78125],"texture":"#0"},"west":{"uv":[8.4375,6.59375,8.4875,6.78125],"texture":"#0"},"up":{"uv":[8.6875,6.78125,8.5,6.83125],"texture":"#0"},"down":{"uv":[8.6875,6.78125,8.5,6.83125],"texture":"#0"}}},{"from":[8,9,5.5],"to":[14,11,7.5],"rotation":{"angle":0,"axis":"y","origin":[4,-5,6]},"faces":{"north":{"uv":[8.8125,5.96875,9.1875,6.09375],"texture":"#0"},"east":{"uv":[9.1875,5.96875,9.3125,6.09375],"texture":"#0"},"south":{"uv":[8.8125,5.96875,9.1875,6.09375],"texture":"#0"},"west":{"uv":[9.1875,5.96875,9.3125,6.09375],"texture":"#0"},"up":{"uv":[9.1875,6.21875,8.8125,6.09375],"texture":"#0"},"down":{"uv":[9.1875,6.21875,8.8125,6.09375],"texture":"#0"}}},{"from":[8.1,8.5,5],"to":[8.9,9.5,8],"rotation":{"angle":0,"axis":"y","origin":[-6,0,0]},"faces":{"north":{"uv":[3.5,6.3125,3.55,6.375],"texture":"#0"},"east":{"uv":[3.4375,6.25,3.625,6.3125],"texture":"#0"},"south":{"uv":[3.5,6.3125,3.55,6.375],"texture":"#0"},"west":{"uv":[3.4375,6.25,3.625,6.3125],"texture":"#0"},"up":{"uv":[3.4375,6.3125,3.4875,6.5],"texture":"#0"},"down":{"uv":[3.4375,6.3125,3.4875,6.5],"texture":"#0"}}},{"from":[6.1,4.5,5],"to":[6.9,5.5,8],"rotation":{"angle":0,"axis":"y","origin":[-6,3,0]},"faces":{"north":{"uv":[3.5,6.3125,3.55,6.375],"texture":"#0"},"east":{"uv":[3.4375,6.25,3.625,6.3125],"texture":"#0"},"south":{"uv":[3.5,6.3125,3.55,6.375],"texture":"#0"},"west":{"uv":[3.4375,6.25,3.625,6.3125],"texture":"#0"},"up":{"uv":[3.4375,6.3125,3.4875,6.5],"texture":"#0"},"down":{"uv":[3.4375,6.3125,3.4875,6.5],"texture":"#0"}}},{"from":[1.1,4.5,5],"to":[1.9,5.5,8],"rotation":{"angle":0,"axis":"y","origin":[-6,3,0]},"faces":{"north":{"uv":[3.5,6.3125,3.55,6.375],"texture":"#0"},"east":{"uv":[3.4375,6.25,3.625,6.3125],"texture":"#0"},"south":{"uv":[3.5,6.3125,3.55,6.375],"texture":"#0"},"west":{"uv":[3.4375,6.25,3.625,6.3125],"texture":"#0"},"up":{"uv":[3.4375,6.3125,3.4875,6.5],"texture":"#0"},"down":{"uv":[3.4375,6.3125,3.4875,6.5],"texture":"#0"}}},{"from":[13.1,8.5,5],"to":[13.9,9.5,8],"rotation":{"angle":0,"axis":"y","origin":[10,0,0]},"faces":{"north":{"uv":[3.55,6.3125,3.5,6.375],"texture":"#0"},"east":{"uv":[3.625,6.25,3.4375,6.3125],"texture":"#0"},"south":{"uv":[3.55,6.3125,3.5,6.375],"texture":"#0"},"west":{"uv":[3.625,6.25,3.4375,6.3125],"texture":"#0"},"up":{"uv":[3.4875,6.3125,3.4375,6.5],"texture":"#0"},"down":{"uv":[3.4875,6.3125,3.4375,6.5],"texture":"#0"}}},{"from":[9,0,6],"to":[13,9,7],"rotation":{"angle":0,"axis":"y","origin":[4,-7,6]},"faces":{"north":{"uv":[8.5,5.96875,8.75,6.53125],"texture":"#0"},"east":{"uv":[8.75,5.96875,8.8125,6.53125],"texture":"#0"},"south":{"uv":[8.5,5.96875,8.75,6.53125],"texture":"#0"},"west":{"uv":[8.75,5.96875,8.8125,6.53125],"texture":"#0"},"up":{"uv":[8.75,6.53125,8.5,6.59375],"texture":"#0"},"down":{"uv":[8.75,6.53125,8.5,6.59375],"texture":"#0"}}},{"from":[8,-2,6.1],"to":[11,1,6.9],"rotation":{"angle":-45,"axis":"z","origin":[11,-2,6]},"faces":{"north":{"uv":[8.5,6.59375,8.6875,6.78125],"texture":"#0"},"east":{"uv":[8.4375,6.59375,8.4875,6.78125],"texture":"#0"},"south":{"uv":[8.5,6.59375,8.6875,6.78125],"texture":"#0"},"west":{"uv":[8.4375,6.59375,8.4875,6.78125],"texture":"#0"},"up":{"uv":[8.6875,6.78125,8.5,6.83125],"texture":"#0"},"down":{"uv":[8.6875,6.78125,8.5,6.83125],"texture":"#0"}}},{"from":[10,14,5.5],"to":[12,16,7.5],"rotation":{"angle":0,"axis":"y","origin":[4,-5,6]},"faces":{"north":{"uv":[8.8125,6.21875,8.9375,6.34375],"texture":"#0"},"east":{"uv":[8.8125,6.21875,8.9375,6.34375],"texture":"#0"},"south":{"uv":[8.8125,6.21875,8.9375,6.34375],"texture":"#0"},"west":{"uv":[8.8125,6.21875,8.9375,6.34375],"texture":"#0"},"up":{"uv":[8.8125,6.21875,8.9375,6.34375],"texture":"#0"},"down":{"uv":[8.8125,6.21875,8.9375,6.34375],"texture":"#0"}}},{"from":[10.5,11,6],"to":[11.5,14,7],"rotation":{"angle":0,"axis":"y","origin":[4,-5,6]},"faces":{"north":{"uv":[8.4375,6.40625,8.5,6.59375],"texture":"#0"},"east":{"uv":[8.4375,6.40625,8.5,6.59375],"texture":"#0"},"south":{"uv":[8.4375,6.40625,8.5,6.59375],"texture":"#0"},"west":{"uv":[8.4375,6.40625,8.5,6.59375],"texture":"#0"},"up":{"uv":[8.5,6.40625,8.4375,6.34375],"texture":"#0"},"down":{"uv":[8.5,6.40625,8.4375,6.34375],"texture":"#0"}}},{"from":[-5.5,6,5.5],"to":[-3.5,8,7.5],"rotation":{"angle":0,"axis":"y","origin":[0.5,8,6]},"faces":{"north":{"uv":[8.8125,6.21875,8.9375,6.34375],"rotation":90,"texture":"#0"},"east":{"uv":[8.8125,6.21875,8.9375,6.34375],"rotation":270,"texture":"#0"},"south":{"uv":[8.8125,6.21875,8.9375,6.34375],"rotation":270,"texture":"#0"},"west":{"uv":[8.8125,6.21875,8.9375,6.34375],"rotation":270,"texture":"#0"},"up":{"uv":[8.8125,6.21875,8.9375,6.34375],"rotation":270,"texture":"#0"},"down":{"uv":[8.8125,6.21875,8.9375,6.34375],"rotation":270,"texture":"#0"}}},{"from":[-13,2.5,-1],"to":[-4,14.5,1],"faces":{"north":{"uv":[6.25,4.25,6.8125,5],"texture":"#0"},"east":{"uv":[6.8125,4.25,6.9375,5],"texture":"#0"},"south":{"uv":[6.25,4.25,6.8125,5],"texture":"#0"},"west":{"uv":[6.8125,4.25,6.9375,5],"texture":"#0"},"up":{"uv":[7.0625,5,6.9375,4.4375],"rotation":90,"texture":"#0"},"down":{"uv":[7.0625,5,6.9375,4.4375],"rotation":270,"texture":"#0"}}},{"from":[-12.5,14.5,0],"to":[-4.5,16.5,0],"faces":{"north":{"uv":[12.75,0.875,13.25,1],"texture":"#0"},"east":{"uv":[13.25,0,13.25,0.125],"texture":"#0"},"south":{"uv":[12.75,0.875,13.25,1],"texture":"#0"},"west":{"uv":[13.25,0,13.25,0.125],"texture":"#0"},"up":{"uv":[12.75,0.8125,13.25,0.8125],"rotation":180,"texture":"#0"},"down":{"uv":[12.75,0.8125,13.25,0.8125],"rotation":180,"texture":"#0"}}},{"from":[-12.5,16.5,0],"to":[-4.5,19.5,0],"faces":{"north":{"uv":[5.75,4.21875,6.25,4.40625],"texture":"#0"},"east":{"uv":[6,4.21875,6,4.40625],"texture":"#0"},"south":{"uv":[5.75,4.21875,6.25,4.40625],"texture":"#0"},"west":{"uv":[6,4.21875,6,4.40625],"texture":"#0"},"up":{"uv":[5.5,5.03125,6,5.03125],"rotation":180,"texture":"#0"},"down":{"uv":[5.5,5.03125,6,5.03125],"rotation":180,"texture":"#0"}}},{"from":[-12.5,19.5,0],"to":[-4.5,22.5,0],"faces":{"north":{"uv":[5.75,4.21875,6.25,4.40625],"texture":"#0"},"east":{"uv":[6,4.21875,6,4.40625],"texture":"#0"},"south":{"uv":[5.75,4.21875,6.25,4.40625],"texture":"#0"},"west":{"uv":[6,4.21875,6,4.40625],"texture":"#0"},"up":{"uv":[5.5,5.03125,6,5.03125],"rotation":180,"texture":"#0"},"down":{"uv":[5.5,5.03125,6,5.03125],"rotation":180,"texture":"#0"}}},{"from":[-12.5,22.5,0],"to":[-4.5,25.5,0],"faces":{"north":{"uv":[5.75,4.21875,6.25,4.40625],"texture":"#0"},"east":{"uv":[6,4.21875,6,4.40625],"texture":"#0"},"south":{"uv":[5.75,4.21875,6.25,4.40625],"texture":"#0"},"west":{"uv":[6,4.21875,6,4.40625],"texture":"#0"},"up":{"uv":[5.5,5.03125,6,5.03125],"rotation":180,"texture":"#0"},"down":{"uv":[5.5,5.03125,6,5.03125],"rotation":180,"texture":"#0"}}},{"from":[-3.5,6.5,6],"to":[-0.5,7.5,7],"rotation":{"angle":0,"axis":"y","origin":[0.5,8,6]},"faces":{"north":{"uv":[8.4375,6.40625,8.5,6.59375],"rotation":90,"texture":"#0"},"east":{"uv":[8.5,6.40625,8.4375,6.34375],"rotation":270,"texture":"#0"},"south":{"uv":[8.4375,6.40625,8.5,6.59375],"rotation":270,"texture":"#0"},"west":{"uv":[8.5,6.40625,8.4375,6.34375],"rotation":270,"texture":"#0"},"up":{"uv":[8.4375,6.40625,8.5,6.59375],"rotation":270,"texture":"#0"},"down":{"uv":[8.4375,6.40625,8.5,6.59375],"rotation":270,"texture":"#0"}}},{"from":[-0.5,4,5.5],"to":[0.5,10,7.5],"rotation":{"angle":0,"axis":"y","origin":[0.5,8,6]},"faces":{"north":{"uv":[8.8125,5.96875,9.1875,6.03125],"rotation":90,"texture":"#0"},"east":{"uv":[9.1875,6.21875,8.8125,6.09375],"rotation":270,"texture":"#0"},"south":{"uv":[8.8125,5.96875,9.1875,6.03125],"rotation":270,"texture":"#0"},"west":{"uv":[9.1875,6.21875,8.8125,6.09375],"rotation":270,"texture":"#0"},"up":{"uv":[9.1875,5.96875,9.3125,6.03125],"rotation":270,"texture":"#0"},"down":{"uv":[9.1875,5.96875,9.3125,6.03125],"rotation":270,"texture":"#0"}}},{"from":[0.5,5,6],"to":[6.5,9,7],"rotation":{"angle":0,"axis":"y","origin":[0.5,8,6]},"faces":{"north":{"uv":[8.5,5.96875,8.75,6.34375],"rotation":90,"texture":"#0"},"east":{"uv":[8.75,6.53125,8.5,6.59375],"rotation":270,"texture":"#0"},"south":{"uv":[8.5,5.96875,8.75,6.34375],"rotation":270,"texture":"#0"},"west":{"uv":[8.75,6.53125,8.5,6.59375],"rotation":270,"texture":"#0"},"up":{"uv":[8.75,5.96875,8.8125,6.34375],"rotation":270,"texture":"#0"},"down":{"uv":[8.75,5.96875,8.8125,6.34375],"rotation":270,"texture":"#0"}}},{"from":[3.86396,9.94975,6.1],"to":[6.86396,12.94975,6.9],"rotation":{"angle":-45,"axis":"z","origin":[0.5,8,6]},"faces":{"north":{"uv":[8.5,6.59375,8.6875,6.78125],"rotation":90,"texture":"#0"},"east":{"uv":[8.6875,6.78125,8.5,6.83125],"rotation":270,"texture":"#0"},"south":{"uv":[8.5,6.59375,8.6875,6.78125],"rotation":270,"texture":"#0"},"west":{"uv":[8.6875,6.78125,8.5,6.83125],"rotation":270,"texture":"#0"},"up":{"uv":[8.4375,6.59375,8.4875,6.78125],"rotation":270,"texture":"#0"},"down":{"uv":[8.4375,6.59375,8.4875,6.78125],"rotation":270,"texture":"#0"}}},{"from":[-14,21.42929,-8.59497],"to":[-14,28.42929,6.40503],"rotation":{"angle":-22.5,"axis":"x","origin":[-11,28.5,6.4]},"faces":{"east":{"uv":[2.375,4.6875,1.4375,5.125],"texture":"#0"},"west":{"uv":[2.375,4.6875,1.4375,5.125],"texture":"#0"}}},{"from":[30,21.42929,-8.59497],"to":[30,28.42929,6.40503],"rotation":{"angle":-22.5,"axis":"x","origin":[27,28.5,6.4]},"faces":{"east":{"uv":[1.4375,4.6875,2.375,5.125],"texture":"#0"},"west":{"uv":[1.4375,4.6875,2.375,5.125],"texture":"#0"}}},{"from":[-14,15.7,-7.4],"to":[30,22.7,-7.4],"rotation":{"angle":0,"axis":"y","origin":[26,22.7,-7.5]},"faces":{"north":{"uv":[2.75,2.875,0,3.3125],"texture":"#0"},"south":{"uv":[0,2.875,2.75,3.3125],"texture":"#0"}}},{"from":[-14,28.42929,-8.59497],"to":[30,28.42929,6.40503],"rotation":{"angle":-22.5,"axis":"x","origin":[26,28.5,6.4]},"faces":{"up":{"uv":[5.5,3.125,2.75,2.1875],"texture":"#0"},"down":{"uv":[5.5,3.125,2.75,2.1875],"texture":"#0"}}},{"from":[-16,25,6],"to":[32,29,10],"rotation":{"angle":0,"axis":"y","origin":[0,-3,-2]},"faces":{"north":{"uv":[4.125,5,7.125,5.25],"texture":"#0"},"east":{"uv":[1.4375,5.5625,1.6875,5.8125],"texture":"#0"},"south":{"uv":[4.125,5,7.125,5.25],"texture":"#0"},"west":{"uv":[1.4375,5.5625,1.6875,5.8125],"texture":"#0"},"up":{"uv":[4.125,5,7.125,5.25],"texture":"#0"},"down":{"uv":[4.125,5,7.125,5.25],"texture":"#0"}}},{"from":[-12.6,13,4.5],"to":[-5.4,14,11.7],"faces":{"north":{"uv":[9.8125,2.71875,9.875,3.16875],"rotation":90,"texture":"#0"},"east":{"uv":[9.8125,2.71875,9.875,3.16875],"rotation":90,"texture":"#0"},"south":{"uv":[9.8125,2.71875,9.875,3.16875],"rotation":90,"texture":"#0"},"west":{"uv":[9.8125,2.71875,9.875,3.16875],"rotation":90,"texture":"#0"},"up":{"uv":[9.875,2.71875,9.95,3.16875],"rotation":270,"texture":"#0"},"down":{"uv":[9.875,2.71875,9.95,3.16875],"rotation":270,"texture":"#0"}}},{"from":[21.4,13,4.5],"to":[28.6,14,11.7],"rotation":{"angle":0,"axis":"y","origin":[16,0,0]},"faces":{"north":{"uv":[9.8125,3.16875,9.875,2.71875],"rotation":90,"texture":"#0"},"east":{"uv":[9.8125,3.16875,9.875,2.71875],"rotation":90,"texture":"#0"},"south":{"uv":[9.8125,3.16875,9.875,2.71875],"rotation":90,"texture":"#0"},"west":{"uv":[9.8125,3.16875,9.875,2.71875],"rotation":90,"texture":"#0"},"up":{"uv":[9.875,3.16875,9.95,2.71875],"rotation":270,"texture":"#0"},"down":{"uv":[9.875,3.16875,9.95,2.71875],"rotation":270,"texture":"#0"}}},{"from":[8,19,5],"to":[32,25,11],"rotation":{"angle":0,"axis":"y","origin":[-10,-9,0]},"faces":{"north":{"uv":[0.375,9.4375,0,7.9375],"rotation":90,"texture":"#0"},"east":{"uv":[0.75,7.78125,0.375,8.15625],"rotation":270,"texture":"#0"},"south":{"uv":[0.375,9.4375,0,7.9375],"rotation":90,"texture":"#0"},"west":{"uv":[0.75,7.78125,0.375,8.15625],"rotation":270,"texture":"#0"},"up":{"uv":[0.375,9.4375,0,7.9375],"rotation":90,"texture":"#0"},"down":{"uv":[0.375,9.4375,0,7.9375],"rotation":90,"texture":"#0"}}},{"from":[24,2,10],"to":[26,18,13],"rotation":{"angle":-45,"axis":"x","origin":[0,0,0]},"faces":{"north":{"uv":[2.75,5.6875,2.625,4.6875],"rotation":180,"texture":"#0"},"east":{"uv":[5.8125,2.5625,6.8125,2.75],"rotation":270,"texture":"#0"},"south":{"uv":[2.75,5.6875,2.625,4.6875],"texture":"#0"},"west":{"uv":[5.8125,2.5625,6.8125,2.75],"rotation":90,"texture":"#0"},"up":{"uv":[2.0625,5.6875,2.1875,5.875],"rotation":180,"texture":"#0"},"down":{"uv":[2.0625,5.6875,2.1875,5.875],"texture":"#0"}}},{"from":[-10,2,10],"to":[-8,18,13],"rotation":{"angle":-45,"axis":"x","origin":[16,0,0]},"faces":{"north":{"uv":[2.625,5.6875,2.75,4.6875],"rotation":180,"texture":"#0"},"east":{"uv":[5.8125,2.75,6.8125,2.5625],"rotation":90,"texture":"#0"},"south":{"uv":[2.625,5.6875,2.75,4.6875],"texture":"#0"},"west":{"uv":[5.8125,2.75,6.8125,2.5625],"rotation":270,"texture":"#0"},"up":{"uv":[2.1875,5.6875,2.0625,5.875],"rotation":180,"texture":"#0"},"down":{"uv":[2.1875,5.6875,2.0625,5.875],"texture":"#0"}}},{"from":[20,2.4,4.6],"to":[21.5,3.9,5.1],"rotation":{"angle":-45,"axis":"z","origin":[23,0.9,0.2]},"faces":{"north":{"uv":[8.5,6.6875,8.59375,6.78125],"texture":"#0"},"east":{"uv":[8.4375,6.59375,8.46875,6.6875],"texture":"#0"},"south":{"uv":[8.5,6.6875,8.59375,6.78125],"texture":"#0"},"west":{"uv":[8.4375,6.59375,8.46875,6.6875],"texture":"#0"},"up":{"uv":[8.59375,6.78125,8.5,6.8125],"texture":"#0"},"down":{"uv":[8.59375,6.78125,8.5,6.8125],"texture":"#0"}}}],"gui_light":"front","display":{"thirdperson_righthand":{"rotation":[67.5,0,0],"translation":[0,0.75,2.25],"scale":[0.16875,0.16875,0.16875]},"thirdperson_lefthand":{"rotation":[67.5,0,0],"translation":[0,0.75,2.25],"scale":[0.16875,0.16875,0.16875]},"firstperson_righthand":{"rotation":[0,225,0],"translation":[0,3.5,0],"scale":[0.24883,0.24883,0.24883]},"firstperson_lefthand":{"rotation":[0,225,0],"translation":[0,3.5,0],"scale":[0.24883,0.24883,0.24883]},"ground":{"translation":[0,3,0],"scale":[0.25,0.25,0.25]},"gui":{"rotation":[30,225,0],"translation":[-0.75,0.25,0],"scale":[0.25703,0.25703,0.25703]},"head":{"translation":[0,-0.25,-2.25],"scale":[0,0,0]},"fixed":{"rotation":[-90,0,0],"translation":[-0.75,0,-48],"scale":[2,2,2]}}}