{"credit":"MadewithBlockbench","texture_size":[256,256],"textures":{"0":"elitecreatures:medieval_market_decoration_v1/medeivalmarket_02","particle":"elitecreatures:medieval_market_decoration_v1/medeivalmarket_02"},"elements":[{"from":[-11,14,-2],"to":[27,16,18],"rotation":{"angle":0,"axis":"y","origin":[17,1,12]},"faces":{"north":{"uv":[13.25,2,10.875,2.125],"texture":"#0"},"east":{"uv":[12.125,2,10.875,1.875],"texture":"#0"},"south":{"uv":[13.25,2,10.875,2.125],"texture":"#0"},"west":{"uv":[10.875,2,12.125,1.875],"texture":"#0"},"up":{"uv":[11.625,2.1875,10.375,4.5625],"rotation":270,"texture":"#0"},"down":{"uv":[11.625,2.1875,10.375,4.5625],"rotation":270,"texture":"#0"}}},{"from":[-7,1,0],"to":[6,14,16],"rotation":{"angle":0,"axis":"y","origin":[1,0,7]},"faces":{"north":{"uv":[8.375,0,9.1875,0.8125],"rotation":180,"texture":"#0"},"east":{"uv":[7.5,0,8.3125,1],"rotation":270,"texture":"#0"},"south":{"uv":[8.375,0,9.1875,0.8125],"texture":"#0"},"west":{"uv":[7.5,0,8.3125,1],"rotation":90,"texture":"#0"},"up":{"uv":[7.5,0,8.3125,1],"rotation":180,"texture":"#0"},"down":{"uv":[7.5,0,8.3125,1],"texture":"#0"}}},{"from":[-8,0,2.5],"to":[7,15,5.5],"rotation":{"angle":0,"axis":"y","origin":[1,0,7]},"faces":{"north":{"uv":[9.25,0,10.1875,0.9375],"rotation":180,"texture":"#0"},"east":{"uv":[7.25,1,8.1875,1.1875],"rotation":270,"texture":"#0"},"south":{"uv":[9.25,0,10.1875,0.9375],"texture":"#0"},"west":{"uv":[7.25,1,8.1875,1.1875],"rotation":90,"texture":"#0"},"up":{"uv":[7.25,1,8.1875,1.1875],"rotation":180,"texture":"#0"},"down":{"uv":[7.25,1,8.1875,1.1875],"texture":"#0"}}},{"from":[-7.5,0.5,3],"to":[6.5,14.5,13],"rotation":{"angle":0,"axis":"y","origin":[1,0,7]},"faces":{"north":{"uv":[8.375,0,9.25,0.875],"rotation":180,"texture":"#0"},"east":{"uv":[8.375,0.875,9.25,1.5],"rotation":270,"texture":"#0"},"south":{"uv":[8.375,0,9.25,0.875],"texture":"#0"},"west":{"uv":[8.375,0.875,9.25,1.5],"rotation":90,"texture":"#0"},"up":{"uv":[8.375,0.875,9.25,1.5],"rotation":180,"texture":"#0"},"down":{"uv":[8.375,0.875,9.25,1.5],"texture":"#0"}}},{"from":[-8,0,10.5],"to":[7,15,13.5],"rotation":{"angle":0,"axis":"y","origin":[1,0,7]},"faces":{"north":{"uv":[9.25,0,10.1875,0.9375],"rotation":180,"texture":"#0"},"east":{"uv":[7.25,1,8.1875,1.1875],"rotation":270,"texture":"#0"},"south":{"uv":[9.25,0,10.1875,0.9375],"texture":"#0"},"west":{"uv":[7.25,1,8.1875,1.1875],"rotation":90,"texture":"#0"},"up":{"uv":[7.25,1,8.1875,1.1875],"rotation":180,"texture":"#0"},"down":{"uv":[7.25,1,8.1875,1.1875],"texture":"#0"}}},{"from":[9,0,10.5],"to":[24,15,13.5],"rotation":{"angle":0,"axis":"y","origin":[1,0,7]},"faces":{"north":{"uv":[9.25,0,10.1875,0.9375],"rotation":180,"texture":"#0"},"east":{"uv":[7.25,1,8.1875,1.1875],"rotation":270,"texture":"#0"},"south":{"uv":[9.25,0,10.1875,0.9375],"texture":"#0"},"west":{"uv":[7.25,1,8.1875,1.1875],"rotation":90,"texture":"#0"},"up":{"uv":[7.25,1,8.1875,1.1875],"rotation":180,"texture":"#0"},"down":{"uv":[7.25,1,8.1875,1.1875],"texture":"#0"}}},{"from":[9,0,2.5],"to":[24,15,5.5],"rotation":{"angle":0,"axis":"y","origin":[1,0,7]},"faces":{"north":{"uv":[9.25,0,10.1875,0.9375],"rotation":180,"texture":"#0"},"east":{"uv":[7.25,1,8.1875,1.1875],"rotation":270,"texture":"#0"},"south":{"uv":[9.25,0,10.1875,0.9375],"texture":"#0"},"west":{"uv":[7.25,1,8.1875,1.1875],"rotation":90,"texture":"#0"},"up":{"uv":[7.25,1,8.1875,1.1875],"rotation":180,"texture":"#0"},"down":{"uv":[7.25,1,8.1875,1.1875],"texture":"#0"}}},{"from":[10,1,0],"to":[23,14,16],"rotation":{"angle":0,"axis":"y","origin":[1,0,7]},"faces":{"north":{"uv":[8.375,0,9.1875,0.8125],"rotation":180,"texture":"#0"},"east":{"uv":[7.5,0,8.3125,1],"rotation":270,"texture":"#0"},"south":{"uv":[8.375,0,9.1875,0.8125],"texture":"#0"},"west":{"uv":[7.5,0,8.3125,1],"rotation":90,"texture":"#0"},"up":{"uv":[7.5,0,8.3125,1],"rotation":180,"texture":"#0"},"down":{"uv":[7.5,0,8.3125,1],"texture":"#0"}}},{"from":[9.5,0.5,3],"to":[23.5,14.5,13],"rotation":{"angle":0,"axis":"y","origin":[1,0,7]},"faces":{"north":{"uv":[8.375,0,9.25,0.875],"rotation":180,"texture":"#0"},"east":{"uv":[8.375,0.875,9.25,1.5],"rotation":270,"texture":"#0"},"south":{"uv":[8.375,0,9.25,0.875],"texture":"#0"},"west":{"uv":[8.375,0.875,9.25,1.5],"rotation":90,"texture":"#0"},"up":{"uv":[8.375,0.875,9.25,1.5],"rotation":180,"texture":"#0"},"down":{"uv":[8.375,0.875,9.25,1.5],"texture":"#0"}}}],"gui_light":"front","display":{"thirdperson_righthand":{"rotation":[67.5,0,0],"translation":[0,1.5,0.5],"scale":[0.27344,0.27344,0.27344]},"thirdperson_lefthand":{"rotation":[67.5,0,0],"translation":[0,1.5,0.5],"scale":[0.27344,0.27344,0.27344]},"firstperson_righthand":{"rotation":[0,225,0],"scale":[0.4,0.4,0.4]},"firstperson_lefthand":{"rotation":[0,225,0],"scale":[0.4,0.4,0.4]},"ground":{"translation":[0,3,0],"scale":[0.25,0.25,0.25]},"gui":{"rotation":[30,225,0],"translation":[0,-0.5,0],"scale":[0.36914,0.36914,0.36914]},"head":{"translation":[12.75,-30.5,0],"scale":[0,0,0]},"fixed":{"rotation":[-90,0,0],"translation":[-16,0,-16],"scale":[2,2,2]}}}