{"textures":{"0":"modelengine:entity/ninetailfox"},"elements":[{"name":"element","from":[5.32825,9.6817665,7.1916313],"to":[9.085751,13.288967,8.995232],"rotation":{"angle":0.0,"axis":"x","origin":[5.2440596,8.419215,7.9409394]},"faces":{"down":{"uv":[8.4140625,5.9375,8.21875,6.03125],"rotation":0,"texture":"#0","tintindex":0},"east":{"uv":[0.46875,6.375,0.375,6.5625],"rotation":0,"texture":"#0","tintindex":0},"north":{"uv":[9.40625,7.125,9.6015625,7.3125],"rotation":0,"texture":"#0","tintindex":0},"south":{"uv":[9.46875,0.4375,9.6640625,0.625],"rotation":0,"texture":"#0","tintindex":0},"up":{"uv":[6.7578125,1.4375,6.5625,1.34375],"rotation":0,"texture":"#0","tintindex":0},"west":{"uv":[0.375,6.375,0.46875,6.5625],"rotation":0,"texture":"#0","tintindex":0}}},{"name":"element","from":[7.140974,6.707836,7.1647263],"to":[11.649974,10.615637,9.067173],"rotation":{"angle":22.5,"axis":"z","origin":[8.250059,5.4132137,7.9409394]},"faces":{"down":{"uv":[1.953125,9.625,1.71875,9.7265625],"rotation":0,"texture":"#0","tintindex":0},"east":{"uv":[8.9453125,9.59375,8.84375,9.796875],"rotation":0,"texture":"#0","tintindex":0},"north":{"uv":[9.25,9.21875,9.484375,9.421875],"rotation":0,"texture":"#0","tintindex":0},"south":{"uv":[9.28125,0.625,9.515625,0.828125],"rotation":0,"texture":"#0","tintindex":0},"up":{"uv":[9.859375,0.9453125,9.625,0.84375],"rotation":0,"texture":"#0","tintindex":0},"west":{"uv":[8.84375,9.59375,8.9453125,9.796875],"rotation":0,"texture":"#0","tintindex":0}}},{"name":"element","from":[6.0797505,13.288967,7.1647277],"to":[8.681646,15.693765,8.818028],"rotation":{"angle":0.0,"axis":"x","origin":[5.2440596,8.419215,7.9409394]},"faces":{"down":{"uv":[9.0390625,5.84375,8.90625,5.9296875],"rotation":0,"texture":"#0","tintindex":0},"east":{"uv":[5.8359375,6.8125,5.75,6.9375],"rotation":0,"texture":"#0","tintindex":0},"north":{"uv":[4.71875,4.46875,4.8515625,4.59375],"rotation":0,"texture":"#0","tintindex":0},"south":{"uv":[3.8125,7.25,3.9453125,7.375],"rotation":0,"texture":"#0","tintindex":0},"up":{"uv":[8.8203125,4.3046875,8.6875,4.21875],"rotation":0,"texture":"#0","tintindex":0},"west":{"uv":[5.75,6.8125,5.8359375,6.9375],"rotation":0,"texture":"#0","tintindex":0}}},{"name":"cube","from":[3.30752,6.551054,8.033312],"to":[9.920721,18.598778,8.033312],"rotation":{"angle":0.0,"axis":"x","origin":[9.8673115,-0.044237852,3.2029078]},"faces":{"down":{"uv":[0.34375,0.0,0.0,0.0],"rotation":0,"texture":"#0","tintindex":0},"east":{"uv":[0.0,0.0,0.0,0.625],"rotation":0,"texture":"#0","tintindex":0},"north":{"uv":[4.0625,6.25,4.40625,6.875],"rotation":0,"texture":"#0","tintindex":0},"south":{"uv":[4.40625,6.25,4.0625,6.875],"rotation":0,"texture":"#0","tintindex":0},"up":{"uv":[0.34375,0.0,0.0,0.0],"rotation":0,"texture":"#0","tintindex":0},"west":{"uv":[0.0,0.0,0.0,0.625],"rotation":0,"texture":"#0","tintindex":0}}},{"name":"element","from":[6.98155,15.693765,7.1647277],"to":[8.48455,17.497368,8.367127],"rotation":{"angle":0.0,"axis":"x","origin":[5.2440596,8.419215,7.9409394]},"faces":{"down":{"uv":[1.515625,4.65625,1.4375,4.71875],"rotation":0,"texture":"#0","tintindex":0},"east":{"uv":[5.34375,4.1875,5.28125,4.28125],"rotation":0,"texture":"#0","tintindex":0},"north":{"uv":[4.3125,3.09375,4.390625,3.1875],"rotation":0,"texture":"#0","tintindex":0},"south":{"uv":[2.03125,4.46875,2.109375,4.5625],"rotation":0,"texture":"#0","tintindex":0},"up":{"uv":[4.328125,0.71875,4.25,0.65625],"rotation":0,"texture":"#0","tintindex":0},"west":{"uv":[5.28125,4.1875,5.34375,4.28125],"rotation":0,"texture":"#0","tintindex":0}}}],"display":{"head":{"translation":[0.0,-6.4,0.0],"rotation":[0.0,0.0,0.0],"scale":[3.8095,3.8095,3.8095]}}}