{"textures":{"0":"modelengine:entity/ninetailfox"},"elements":[{"name":"cube","from":[6.3466997,3.1951995,7.143896],"to":[9.653299,8.0048,11.256104],"rotation":{"angle":0.0,"axis":"x","origin":[2.0932097,18.533382,8.257619]},"faces":{"down":{"uv":[8.625,2.0546875,8.4375,1.84375],"rotation":0,"texture":"#0","tintindex":0},"east":{"uv":[2.7734375,9.09375,2.5625,9.34375],"rotation":0,"texture":"#0","tintindex":0},"north":{"uv":[9.125,1.15625,8.953125,1.40625],"rotation":0,"texture":"#0","tintindex":0},"south":{"uv":[8.953125,1.15625,9.125,1.40625],"rotation":0,"texture":"#0","tintindex":0},"up":{"uv":[9.6875,4.3984375,9.5,4.1875],"rotation":0,"texture":"#0","tintindex":0},"west":{"uv":[2.5625,9.09375,2.7734375,9.34375],"rotation":0,"texture":"#0","tintindex":0}}}],"display":{"head":{"translation":[0.0,-6.4,0.0],"rotation":[0.0,0.0,0.0],"scale":[3.8095,3.8095,3.8095]}}}