{"textures":{"0":"modelengine:entity/ninetailfox"},"elements":[{"name":"cube","from":[5.7490997,5.871916,4.138321],"to":[10.2581005,8.276716,8.935897],"rotation":{"angle":0.0,"axis":"x","origin":[2.0667496,23.599735,7.47949]},"faces":{"down":{"uv":[9.265625,2.90625,9.03125,3.15625],"rotation":0,"texture":"#0","tintindex":0},"east":{"uv":[7.0625,6.125,6.8125,6.25],"rotation":0,"texture":"#0","tintindex":0},"north":{"uv":[7.34375,9.53125,7.578125,9.65625],"rotation":0,"texture":"#0","tintindex":0},"south":{"uv":[7.59375,9.53125,7.828125,9.65625],"rotation":0,"texture":"#0","tintindex":0},"up":{"uv":[9.265625,2.90625,9.03125,2.65625],"rotation":0,"texture":"#0","tintindex":0},"west":{"uv":[6.8125,6.125,7.0625,6.25],"rotation":0,"texture":"#0","tintindex":0}}},{"name":"cube","from":[5.86934,6.3076525,2.0521562],"to":[6.47054,7.209453,4.456957],"rotation":{"angle":-22.5,"axis":"x","origin":[6.2,7.4,3.1999998]},"faces":{"down":{"uv":[3.0625,3.78125,3.03125,3.90625],"rotation":0,"texture":"#0","tintindex":0},"east":{"uv":[4.0,0.65625,3.875,0.703125],"rotation":0,"texture":"#0","tintindex":0},"north":{"uv":[0.875,1.5,0.90625,1.546875],"rotation":0,"texture":"#0","tintindex":0},"south":{"uv":[1.15625,3.15625,1.1875,3.203125],"rotation":0,"texture":"#0","tintindex":0},"up":{"uv":[1.1875,3.15625,1.15625,3.03125],"rotation":0,"texture":"#0","tintindex":0},"west":{"uv":[3.875,0.65625,4.0,0.703125],"rotation":0,"texture":"#0","tintindex":0}}},{"name":"cube","from":[7.07174,6.3076525,2.0521562],"to":[7.67294,7.209453,4.456957],"rotation":{"angle":-22.5,"axis":"x","origin":[6.2,7.4,3.1999998]},"faces":{"down":{"uv":[3.0625,3.78125,3.03125,3.90625],"rotation":0,"texture":"#0","tintindex":0},"east":{"uv":[4.0,0.65625,3.875,0.703125],"rotation":0,"texture":"#0","tintindex":0},"north":{"uv":[0.875,1.5,0.90625,1.546875],"rotation":0,"texture":"#0","tintindex":0},"south":{"uv":[4.40625,3.34375,4.4375,3.390625],"rotation":0,"texture":"#0","tintindex":0},"up":{"uv":[1.1875,3.15625,1.15625,3.03125],"rotation":0,"texture":"#0","tintindex":0},"west":{"uv":[3.875,0.65625,4.0,0.703125],"rotation":0,"texture":"#0","tintindex":0}}},{"name":"cube","from":[8.274139,6.3076525,2.0521562],"to":[8.87534,7.209453,4.456957],"rotation":{"angle":-22.5,"axis":"x","origin":[6.2,7.4,3.1999998]},"faces":{"down":{"uv":[3.0625,3.78125,3.03125,3.90625],"rotation":0,"texture":"#0","tintindex":0},"east":{"uv":[4.0,0.65625,3.875,0.703125],"rotation":0,"texture":"#0","tintindex":0},"north":{"uv":[0.875,1.5,0.90625,1.546875],"rotation":0,"texture":"#0","tintindex":0},"south":{"uv":[4.09375,5.03125,4.125,5.078125],"rotation":0,"texture":"#0","tintindex":0},"up":{"uv":[1.1875,3.15625,1.15625,3.03125],"rotation":0,"texture":"#0","tintindex":0},"west":{"uv":[3.875,0.65625,4.0,0.703125],"rotation":0,"texture":"#0","tintindex":0}}},{"name":"cube","from":[9.47654,6.3076525,2.0521562],"to":[10.07774,7.209453,4.456957],"rotation":{"angle":-22.5,"axis":"x","origin":[6.2,7.4,3.1999998]},"faces":{"down":{"uv":[3.0625,3.78125,3.03125,3.90625],"rotation":0,"texture":"#0","tintindex":0},"east":{"uv":[4.0,0.65625,3.875,0.703125],"rotation":0,"texture":"#0","tintindex":0},"north":{"uv":[0.875,1.5,0.90625,1.546875],"rotation":0,"texture":"#0","tintindex":0},"south":{"uv":[5.3125,1.03125,5.34375,1.078125],"rotation":0,"texture":"#0","tintindex":0},"up":{"uv":[1.1875,3.15625,1.15625,3.03125],"rotation":0,"texture":"#0","tintindex":0},"west":{"uv":[3.875,0.65625,4.0,0.703125],"rotation":0,"texture":"#0","tintindex":0}}}],"display":{"head":{"translation":[0.0,-6.4,0.0],"rotation":[0.0,0.0,0.0],"scale":[3.8095,3.8095,3.8095]}}}