{"textures":{"0":"modelengine:entity/ninetailfox"},"elements":[{"name":"cube","from":[1.8376997,2.8541822,-2.2105403],"to":[14.1623,16.681784,8.911659],"rotation":{"angle":22.5,"axis":"x","origin":[8.25551,9.862451,1.8475599]},"faces":{"down":{"uv":[3.265625,4.125,2.625,4.703125],"rotation":0,"texture":"#0","tintindex":0},"east":{"uv":[3.703125,3.2265625,3.0625,2.6875],"rotation":90,"texture":"#0","tintindex":0},"north":{"uv":[3.0625,2.6875,3.703125,3.40625],"rotation":0,"texture":"#0","tintindex":0},"south":{"uv":[3.0625,2.6875,3.703125,3.40625],"rotation":0,"texture":"#0","tintindex":0},"up":{"uv":[3.265625,4.703125,2.625,4.125],"rotation":0,"texture":"#0","tintindex":0},"west":{"uv":[3.0625,3.2265625,3.703125,2.6875],"rotation":90,"texture":"#0","tintindex":0}}}],"display":{"head":{"translation":[0.0,-6.4,0.0],"rotation":[0.0,0.0,0.0],"scale":[3.8095,3.8095,3.8095]}}}