{"textures":{"0":"modelengine:entity/ninetailfox"},"elements":[{"name":"cube","from":[5.7214518,5.871903,4.1383038],"to":[10.230453,8.276703,8.935881],"rotation":{"angle":0.0,"axis":"x","origin":[7.975952,7.074303,6.537092]},"faces":{"down":{"uv":[9.03125,2.90625,9.265625,3.15625],"rotation":0,"texture":"#0","tintindex":0},"east":{"uv":[7.0625,6.125,6.8125,6.25],"rotation":0,"texture":"#0","tintindex":0},"north":{"uv":[7.578125,9.53125,7.34375,9.65625],"rotation":0,"texture":"#0","tintindex":0},"south":{"uv":[7.828125,9.53125,7.59375,9.65625],"rotation":0,"texture":"#0","tintindex":0},"up":{"uv":[9.03125,2.90625,9.265625,2.65625],"rotation":0,"texture":"#0","tintindex":0},"west":{"uv":[6.8125,6.125,7.0625,6.25],"rotation":0,"texture":"#0","tintindex":0}}},{"name":"cube","from":[8.306612,6.30764,2.0521398],"to":[8.907812,7.2094398,4.4569397],"rotation":{"angle":-22.5,"axis":"x","origin":[9.779552,7.3999867,3.1999826]},"faces":{"down":{"uv":[3.0625,3.78125,3.03125,3.90625],"rotation":0,"texture":"#0","tintindex":0},"east":{"uv":[4.0,0.65625,3.875,0.703125],"rotation":0,"texture":"#0","tintindex":0},"north":{"uv":[0.875,1.5,0.90625,1.546875],"rotation":0,"texture":"#0","tintindex":0},"south":{"uv":[5.34375,5.625,5.375,5.671875],"rotation":0,"texture":"#0","tintindex":0},"up":{"uv":[1.1875,3.15625,1.15625,3.03125],"rotation":0,"texture":"#0","tintindex":0},"west":{"uv":[3.875,0.65625,4.0,0.703125],"rotation":0,"texture":"#0","tintindex":0}}},{"name":"cube","from":[9.509012,6.30764,2.0521398],"to":[10.110212,7.2094398,4.4569397],"rotation":{"angle":-22.5,"axis":"x","origin":[9.779552,7.3999867,3.1999826]},"faces":{"down":{"uv":[3.0625,3.78125,3.03125,3.90625],"rotation":0,"texture":"#0","tintindex":0},"east":{"uv":[4.0,0.65625,3.875,0.703125],"rotation":0,"texture":"#0","tintindex":0},"north":{"uv":[0.875,1.5,0.90625,1.546875],"rotation":0,"texture":"#0","tintindex":0},"south":{"uv":[5.34375,4.9375,5.375,4.984375],"rotation":0,"texture":"#0","tintindex":0},"up":{"uv":[1.1875,3.15625,1.15625,3.03125],"rotation":0,"texture":"#0","tintindex":0},"west":{"uv":[3.875,0.65625,4.0,0.703125],"rotation":0,"texture":"#0","tintindex":0}}},{"name":"cube","from":[7.104212,6.30764,2.0521398],"to":[7.7054124,7.2094398,4.4569397],"rotation":{"angle":-22.5,"axis":"x","origin":[9.779552,7.3999867,3.1999826]},"faces":{"down":{"uv":[3.0625,3.78125,3.03125,3.90625],"rotation":0,"texture":"#0","tintindex":0},"east":{"uv":[4.0,0.65625,3.875,0.703125],"rotation":0,"texture":"#0","tintindex":0},"north":{"uv":[0.875,1.5,0.90625,1.546875],"rotation":0,"texture":"#0","tintindex":0},"south":{"uv":[1.15625,5.78125,1.1875,5.828125],"rotation":0,"texture":"#0","tintindex":0},"up":{"uv":[1.1875,3.15625,1.15625,3.03125],"rotation":0,"texture":"#0","tintindex":0},"west":{"uv":[3.875,0.65625,4.0,0.703125],"rotation":0,"texture":"#0","tintindex":0}}},{"name":"cube","from":[5.901812,6.30764,2.0521398],"to":[6.5030117,7.2094398,4.4569397],"rotation":{"angle":-22.5,"axis":"x","origin":[9.779552,7.3999867,3.1999826]},"faces":{"down":{"uv":[3.0625,3.78125,3.03125,3.90625],"rotation":0,"texture":"#0","tintindex":0},"east":{"uv":[4.0,0.65625,3.875,0.703125],"rotation":0,"texture":"#0","tintindex":0},"north":{"uv":[0.875,1.5,0.90625,1.546875],"rotation":0,"texture":"#0","tintindex":0},"south":{"uv":[1.625,5.84375,1.65625,5.890625],"rotation":0,"texture":"#0","tintindex":0},"up":{"uv":[1.1875,3.15625,1.15625,3.03125],"rotation":0,"texture":"#0","tintindex":0},"west":{"uv":[3.875,0.65625,4.0,0.703125],"rotation":0,"texture":"#0","tintindex":0}}}],"display":{"head":{"translation":[0.0,-6.4,0.0],"rotation":[0.0,0.0,0.0],"scale":[3.8095,3.8095,3.8095]}}}