{"textures":{"0":"modelengine:entity/ninetailfox"},"elements":[{"name":"element","from":[4.350025,6.107836,7.1647263],"to":[8.859026,10.015636,9.067173],"rotation":{"angle":-22.5,"axis":"z","origin":[7.74994,4.813214,7.9409394]},"faces":{"down":{"uv":[1.953125,9.625,1.71875,9.7265625],"rotation":0,"texture":"#0","tintindex":0},"east":{"uv":[8.9453125,9.59375,8.84375,9.796875],"rotation":0,"texture":"#0","tintindex":0},"north":{"uv":[9.484375,9.21875,9.25,9.421875],"rotation":0,"texture":"#0","tintindex":0},"south":{"uv":[9.515625,0.625,9.28125,0.828125],"rotation":0,"texture":"#0","tintindex":0},"up":{"uv":[9.625,0.9453125,9.859375,0.84375],"rotation":0,"texture":"#0","tintindex":0},"west":{"uv":[8.84375,9.59375,8.9453125,9.796875],"rotation":0,"texture":"#0","tintindex":0}}},{"name":"cube","from":[6.07928,5.9510546,8.033312],"to":[12.692479,17.99878,8.033312],"rotation":{"angle":0.0,"axis":"x","origin":[6.1326895,-0.64423776,3.2029078]},"faces":{"down":{"uv":[0.34375,0.0,0.0,0.0],"rotation":0,"texture":"#0","tintindex":0},"east":{"uv":[0.0,0.0,0.0,0.625],"rotation":0,"texture":"#0","tintindex":0},"north":{"uv":[4.40625,6.25,4.0625,6.875],"rotation":0,"texture":"#0","tintindex":0},"south":{"uv":[4.0625,6.25,4.40625,6.875],"rotation":0,"texture":"#0","tintindex":0},"up":{"uv":[0.34375,0.0,0.0,0.0],"rotation":0,"texture":"#0","tintindex":0},"west":{"uv":[0.0,0.0,0.0,0.625],"rotation":0,"texture":"#0","tintindex":0}}},{"name":"element","from":[6.9142494,9.081766,7.1916313],"to":[10.671749,12.688968,8.995232],"rotation":{"angle":0.0,"axis":"x","origin":[10.7559395,7.8192153,7.9409394]},"faces":{"down":{"uv":[9.8203125,7.1875,9.625,7.28125],"rotation":0,"texture":"#0","tintindex":0},"east":{"uv":[0.46875,6.375,0.375,6.5625],"rotation":0,"texture":"#0","tintindex":0},"north":{"uv":[9.6015625,7.125,9.40625,7.3125],"rotation":0,"texture":"#0","tintindex":0},"south":{"uv":[9.6640625,0.4375,9.46875,0.625],"rotation":0,"texture":"#0","tintindex":0},"up":{"uv":[6.5625,1.4375,6.7578125,1.34375],"rotation":0,"texture":"#0","tintindex":0},"west":{"uv":[0.375,6.375,0.46875,6.5625],"rotation":0,"texture":"#0","tintindex":0}}},{"name":"element","from":[7.3183527,12.688968,7.1647277],"to":[9.920249,15.093764,8.818028],"rotation":{"angle":0.0,"axis":"x","origin":[10.7559395,7.8192153,7.9409394]},"faces":{"down":{"uv":[9.4140625,7.53125,9.28125,7.6171875],"rotation":0,"texture":"#0","tintindex":0},"east":{"uv":[5.8359375,6.8125,5.75,6.9375],"rotation":0,"texture":"#0","tintindex":0},"north":{"uv":[4.8515625,4.46875,4.71875,4.59375],"rotation":0,"texture":"#0","tintindex":0},"south":{"uv":[3.9453125,7.25,3.8125,7.375],"rotation":0,"texture":"#0","tintindex":0},"up":{"uv":[8.6875,4.3046875,8.8203125,4.21875],"rotation":0,"texture":"#0","tintindex":0},"west":{"uv":[5.75,6.8125,5.8359375,6.9375],"rotation":0,"texture":"#0","tintindex":0}}},{"name":"element","from":[7.515449,15.093764,7.1647277],"to":[9.01845,16.897367,8.367127],"rotation":{"angle":0.0,"axis":"x","origin":[10.7559395,7.8192153,7.9409394]},"faces":{"down":{"uv":[2.140625,5.21875,2.0625,5.28125],"rotation":0,"texture":"#0","tintindex":0},"east":{"uv":[5.34375,4.1875,5.28125,4.28125],"rotation":0,"texture":"#0","tintindex":0},"north":{"uv":[4.390625,3.09375,4.3125,3.1875],"rotation":0,"texture":"#0","tintindex":0},"south":{"uv":[2.109375,4.46875,2.03125,4.5625],"rotation":0,"texture":"#0","tintindex":0},"up":{"uv":[4.25,0.71875,4.328125,0.65625],"rotation":0,"texture":"#0","tintindex":0},"west":{"uv":[5.28125,4.1875,5.34375,4.28125],"rotation":0,"texture":"#0","tintindex":0}}}],"display":{"head":{"translation":[0.0,-6.4,0.0],"rotation":[0.0,0.0,0.0],"scale":[3.8095,3.8095,3.8095]}}}