{"textures":{"0":"modelengine:entity/ninetailfox"},"elements":[{"name":"cube","from":[6.1964,3.7168596,5.995716],"to":[9.8036,11.23186,11.382466],"rotation":{"angle":-45.0,"axis":"x","origin":[18.41579,9.626696,11.382834]},"faces":{"down":{"uv":[8.625,2.0546875,8.4375,1.84375],"rotation":0,"texture":"#0","tintindex":0},"east":{"uv":[2.0625,8.28125,1.78125,8.671875],"rotation":0,"texture":"#0","tintindex":0},"north":{"uv":[3.875,5.84375,3.6875,6.234375],"rotation":0,"texture":"#0","tintindex":0},"south":{"uv":[3.6875,5.84375,3.875,6.234375],"rotation":0,"texture":"#0","tintindex":0},"up":{"uv":[8.625,2.0546875,8.4375,1.84375],"rotation":0,"texture":"#0","tintindex":0},"west":{"uv":[1.78125,8.28125,2.0625,8.671875],"rotation":0,"texture":"#0","tintindex":0}}}],"display":{"head":{"translation":[0.0,-6.4,0.0],"rotation":[0.0,0.0,0.0],"scale":[3.8095,3.8095,3.8095]}}}