{"textures":{"0":"modelengine:entity/ninetailfox"},"elements":[{"name":"box8","from":[4.643342,8.84658,12.467632],"to":[11.458891,16.160828,20.710047],"rotation":{"angle":22.5,"axis":"x","origin":[7.9659224,20.860537,-1.3694878]},"faces":{"down":{"uv":[1.6875,5.21875,1.1875,5.8203125],"rotation":0,"texture":"#0","tintindex":0},"east":{"uv":[5.5390625,3.0625,4.9375,2.53125],"rotation":0,"texture":"#0","tintindex":0},"north":{"uv":[4.7734375,1.9765625,4.3125,2.5],"rotation":0,"texture":"#0","tintindex":0},"south":{"uv":[6.15625,0.0,6.6171875,0.5],"rotation":0,"texture":"#0","tintindex":0},"up":{"uv":[1.6875,5.8203125,1.1875,5.21875],"rotation":0,"texture":"#0","tintindex":0},"west":{"uv":[4.9375,3.0625,5.5390625,2.53125],"rotation":0,"texture":"#0","tintindex":0}}},{"name":"box8","from":[5.3248973,2.3788161,14.394674],"to":[10.777336,8.230213,18.550499],"rotation":{"angle":0.0,"axis":"x","origin":[7.9659224,21.717678,-1.3694878]},"faces":{"down":{"uv":[5.3046875,8.46875,4.9375,8.75],"rotation":0,"texture":"#0","tintindex":0},"east":{"uv":[0.96875,8.28125,0.6875,8.6796875],"rotation":0,"texture":"#0","tintindex":0},"north":{"uv":[7.0625,0.0,7.4609375,0.4296875],"rotation":0,"texture":"#0","tintindex":0},"south":{"uv":[2.71875,7.4375,3.0859375,7.8359375],"rotation":90,"texture":"#0","tintindex":0},"up":{"uv":[4.9296875,8.75,4.5625,8.46875],"rotation":0,"texture":"#0","tintindex":0},"west":{"uv":[0.6875,8.28125,0.96875,8.6796875],"rotation":0,"texture":"#0","tintindex":0}}},{"name":"box7","from":[5.8360634,-2.914003,9.22935],"to":[10.095781,1.6574013,14.008547],"rotation":{"angle":-22.5,"axis":"x","origin":[7.9659224,21.717678,-1.3694878]},"faces":{"down":{"uv":[8.5,3.140625,8.8125,2.8125],"rotation":0,"texture":"#0","tintindex":0},"east":{"uv":[8.5,2.8125,8.8125,3.140625],"rotation":90,"texture":"#0","tintindex":0},"north":{"uv":[8.4375,5.9375,8.75,6.2734375],"rotation":0,"texture":"#0","tintindex":0},"south":{"uv":[7.0703125,8.75,6.78125,9.0625],"rotation":0,"texture":"#0","tintindex":0},"up":{"uv":[8.5,2.8125,8.8125,3.140625],"rotation":0,"texture":"#0","tintindex":0},"west":{"uv":[8.5,3.140625,8.8125,2.8125],"rotation":90,"texture":"#0","tintindex":0}}},{"name":"box6","from":[6.517618,-1.4315705,13.8652115],"to":[9.414227,1.676985,16.566498],"rotation":{"angle":-22.5,"axis":"x","origin":[7.9659224,21.717678,-1.3694878]},"faces":{"down":{"uv":[9.5,3.625,9.6953125,3.8125],"rotation":0,"texture":"#0","tintindex":0},"east":{"uv":[3.6171875,8.34375,3.40625,8.15625],"rotation":90,"texture":"#0","tintindex":0},"north":{"uv":[1.5,9.25,1.7109375,9.4765625],"rotation":0,"texture":"#0","tintindex":0},"south":{"uv":[9.6015625,8.9921875,9.40625,8.78125],"rotation":0,"texture":"#0","tintindex":0},"up":{"uv":[1.5,9.6875,1.6953125,9.5],"rotation":0,"texture":"#0","tintindex":0},"west":{"uv":[3.6171875,8.15625,3.40625,8.34375],"rotation":90,"texture":"#0","tintindex":0}}},{"name":"box5","from":[7.1139784,29.638142,23.90972],"to":[8.817865,32.0,25.987635],"rotation":{"angle":45.0,"axis":"x","origin":[7.9659224,21.717678,-1.3694878]},"faces":{"down":{"uv":[9.8046875,1.390625,9.6875,1.25],"rotation":0,"texture":"#0","tintindex":0},"east":{"uv":[9.59375,8.40625,9.734375,8.578125],"rotation":0,"texture":"#0","tintindex":0},"north":{"uv":[9.734375,8.40625,9.59375,8.578125],"rotation":0,"texture":"#0","tintindex":0},"south":{"uv":[9.734375,8.40625,9.59375,8.578125],"rotation":0,"texture":"#0","tintindex":0},"up":{"uv":[9.8046875,1.390625,9.6875,1.25],"rotation":0,"texture":"#0","tintindex":0},"west":{"uv":[9.59375,8.40625,9.734375,8.578125],"rotation":0,"texture":"#0","tintindex":0}}}],"display":{"head":{"translation":[0.0,-2.8698936,0.0],"rotation":[0.0,0.0,0.0],"scale":[3.7333333,3.7333333,3.7333333]}}}