{"textures":{"0":"modelengine:entity/ninetailfox"},"elements":[{"name":"box4","from":[6.777461,0.54504585,3.1178942],"to":[9.162903,8.060047,6.026971],"rotation":{"angle":-22.5,"axis":"x","origin":[7.970182,8.060047,4.5724316]},"faces":{"down":{"uv":[0.84375,9.6875,0.9609375,9.828125],"rotation":0,"texture":"#0","tintindex":0},"east":{"uv":[2.09375,9.359375,2.4609375,9.21875],"rotation":90,"texture":"#0","tintindex":0},"north":{"uv":[2.09375,9.359375,2.4609375,9.21875],"rotation":90,"texture":"#0","tintindex":0},"south":{"uv":[2.09375,9.359375,2.4609375,9.21875],"rotation":90,"texture":"#0","tintindex":0},"up":{"uv":[0.84375,9.6875,0.9609375,9.828125],"rotation":0,"texture":"#0","tintindex":0},"west":{"uv":[2.09375,9.359375,2.4609375,9.21875],"rotation":90,"texture":"#0","tintindex":0}}},{"name":"box5","from":[5.942556,3.6493132,10.376662],"to":[9.997808,7.857713,15.787464],"rotation":{"angle":45.0,"axis":"x","origin":[7.970182,8.060047,4.5724316]},"faces":{"down":{"uv":[1.484375,9.09375,1.21875,9.296875],"rotation":90,"texture":"#0","tintindex":0},"east":{"uv":[1.484375,9.09375,1.21875,9.296875],"rotation":0,"texture":"#0","tintindex":0},"north":{"uv":[9.4375,7.53125,9.6328125,7.734375],"rotation":0,"texture":"#0","tintindex":0},"south":{"uv":[9.4375,7.53125,9.6328125,7.734375],"rotation":0,"texture":"#0","tintindex":0},"up":{"uv":[1.21875,9.296875,1.484375,9.09375],"rotation":90,"texture":"#0","tintindex":0},"west":{"uv":[1.21875,9.09375,1.484375,9.296875],"rotation":0,"texture":"#0","tintindex":0}}},{"name":"box6","from":[4.9883795,2.6026044,15.287636],"to":[10.951984,8.614603,23.92759],"rotation":{"angle":45.0,"axis":"x","origin":[7.970182,8.060047,4.5724316]},"faces":{"down":{"uv":[7.65625,4.09375,7.1875,4.4453125],"rotation":90,"texture":"#0","tintindex":0},"east":{"uv":[7.65625,4.09375,7.1875,4.4453125],"rotation":0,"texture":"#0","tintindex":0},"north":{"uv":[0.9375,8.6875,1.25,9.0],"rotation":0,"texture":"#0","tintindex":0},"south":{"uv":[0.9375,8.6875,1.25,9.0],"rotation":0,"texture":"#0","tintindex":0},"up":{"uv":[7.1875,4.4453125,7.65625,4.09375],"rotation":90,"texture":"#0","tintindex":0},"west":{"uv":[7.1875,4.09375,7.65625,4.4453125],"rotation":0,"texture":"#0","tintindex":0}}},{"name":"box7","from":[4.2727466,0.7693615,21.527325],"to":[11.906161,10.078403,32.0],"rotation":{"angle":45.0,"axis":"x","origin":[7.970182,8.060047,4.5724316]},"faces":{"down":{"uv":[6.6484375,6.921875,6.25,6.375],"rotation":0,"texture":"#0","tintindex":0},"east":{"uv":[5.984375,5.1875,5.375,5.671875],"rotation":0,"texture":"#0","tintindex":0},"north":{"uv":[6.375,4.6875,6.0,5.171875],"rotation":0,"texture":"#0","tintindex":0},"south":{"uv":[6.375,4.6875,6.0,5.171875],"rotation":0,"texture":"#0","tintindex":0},"up":{"uv":[6.6484375,6.375,6.25,6.921875],"rotation":0,"texture":"#0","tintindex":0},"west":{"uv":[5.375,5.1875,5.984375,5.671875],"rotation":0,"texture":"#0","tintindex":0}}}],"display":{"head":{"translation":[0.0,-6.4,13.029824],"rotation":[0.0,0.0,0.0],"scale":[3.8095,3.8095,3.8095]}}}