{"textures":{"0":"modelengine:entity/ninetailfox"},"elements":[{"name":"box8","from":[3.3006792,2.4443326,7.9085526],"to":[12.842447,12.684279,22.45393],"rotation":{"angle":0.0,"axis":"x","origin":[8.011927,7.852884,10.885321]},"faces":{"down":{"uv":[4.15625,3.9375,3.65625,4.6953125],"rotation":0,"texture":"#0","tintindex":0},"east":{"uv":[4.4453125,1.25,3.6875,0.71875],"rotation":0,"texture":"#0","tintindex":0},"north":{"uv":[4.7734375,1.9765625,4.3125,2.5],"rotation":0,"texture":"#0","tintindex":0},"south":{"uv":[6.15625,0.0,6.6171875,0.5],"rotation":0,"texture":"#0","tintindex":0},"up":{"uv":[4.15625,4.6953125,3.65625,3.9375],"rotation":0,"texture":"#0","tintindex":0},"west":{"uv":[3.6875,1.25,4.4453125,0.71875],"rotation":0,"texture":"#0","tintindex":0}}},{"name":"box8","from":[4.254856,-0.12665582,19.680405],"to":[11.888271,8.065302,25.498554],"rotation":{"angle":-22.5,"axis":"x","origin":[8.011927,7.852884,10.885321]},"faces":{"down":{"uv":[5.3046875,8.46875,4.9375,8.75],"rotation":0,"texture":"#0","tintindex":0},"east":{"uv":[0.96875,8.28125,0.6875,8.6796875],"rotation":0,"texture":"#0","tintindex":0},"north":{"uv":[1.1875,7.0,1.5859375,7.4296875],"rotation":0,"texture":"#0","tintindex":0},"south":{"uv":[2.71875,7.4375,3.0859375,7.8359375],"rotation":90,"texture":"#0","tintindex":0},"up":{"uv":[4.9296875,8.75,4.5625,8.46875],"rotation":0,"texture":"#0","tintindex":0},"west":{"uv":[0.6875,8.28125,0.96875,8.6796875],"rotation":0,"texture":"#0","tintindex":0}}},{"name":"box7","from":[4.9704885,17.73428,16.248325],"to":[10.934093,24.425152,22.648293],"rotation":{"angle":45.0,"axis":"x","origin":[8.011927,7.852884,10.885321]},"faces":{"down":{"uv":[7.0703125,8.75,6.78125,9.0625],"rotation":0,"texture":"#0","tintindex":0},"east":{"uv":[8.8125,3.140625,8.5,2.8125],"rotation":0,"texture":"#0","tintindex":0},"north":{"uv":[8.5,3.140625,8.8125,2.8125],"rotation":0,"texture":"#0","tintindex":0},"south":{"uv":[8.5,3.140625,8.8125,2.8125],"rotation":0,"texture":"#0","tintindex":0},"up":{"uv":[7.0703125,8.75,6.78125,9.0625],"rotation":0,"texture":"#0","tintindex":0},"west":{"uv":[8.5,3.140625,8.8125,2.8125],"rotation":0,"texture":"#0","tintindex":0}}},{"name":"box6","from":[5.9246655,24.224487,16.22091],"to":[9.979918,28.006287,20.572887],"rotation":{"angle":45.0,"axis":"x","origin":[8.011927,7.852884,10.885321]},"faces":{"down":{"uv":[0.2109375,9.25,0.0,9.4765625],"rotation":0,"texture":"#0","tintindex":0},"east":{"uv":[3.6171875,8.15625,3.40625,8.34375],"rotation":0,"texture":"#0","tintindex":0},"north":{"uv":[1.5,9.5,1.6953125,9.6875],"rotation":0,"texture":"#0","tintindex":0},"south":{"uv":[9.5,3.625,9.6953125,3.8125],"rotation":0,"texture":"#0","tintindex":0},"up":{"uv":[9.6015625,8.9921875,9.40625,8.78125],"rotation":0,"texture":"#0","tintindex":0},"west":{"uv":[3.40625,8.15625,3.6171875,8.34375],"rotation":0,"texture":"#0","tintindex":0}}},{"name":"box5","from":[6.75957,23.05698,23.38744],"to":[9.145012,26.363579,26.296513],"rotation":{"angle":22.5,"axis":"x","origin":[8.011927,7.852884,10.885321]},"faces":{"down":{"uv":[9.8046875,1.390625,9.6875,1.25],"rotation":0,"texture":"#0","tintindex":0},"east":{"uv":[9.59375,8.40625,9.734375,8.578125],"rotation":0,"texture":"#0","tintindex":0},"north":{"uv":[9.734375,8.40625,9.59375,8.578125],"rotation":0,"texture":"#0","tintindex":0},"south":{"uv":[9.734375,8.40625,9.59375,8.578125],"rotation":0,"texture":"#0","tintindex":0},"up":{"uv":[9.8046875,1.390625,9.6875,1.25],"rotation":0,"texture":"#0","tintindex":0},"west":{"uv":[9.59375,8.40625,9.734375,8.578125],"rotation":0,"texture":"#0","tintindex":0}}}],"display":{"head":{"translation":[0.0,-6.4,0.0],"rotation":[0.0,0.0,0.0],"scale":[3.8095,3.8095,3.8095]}}}