{"textures":{"0":"modelengine:entity/ninetailfox"},"elements":[{"name":"cube","from":[3.9419,7.760276,2.8631635],"to":[12.058101,15.876476,13.985364],"rotation":{"angle":-45.0,"axis":"x","origin":[8.0,8.0,8.0]},"faces":{"down":{"uv":[6.4296875,5.25,6.0,4.6875],"rotation":0,"texture":"#0","tintindex":0},"east":{"uv":[6.546875,1.0,5.96875,1.421875],"rotation":0,"texture":"#0","tintindex":0},"north":{"uv":[7.390625,0.84375,6.96875,1.265625],"rotation":0,"texture":"#0","tintindex":0},"south":{"uv":[6.96875,0.84375,7.390625,1.265625],"rotation":0,"texture":"#0","tintindex":0},"up":{"uv":[6.4296875,4.6875,6.0,5.25],"rotation":0,"texture":"#0","tintindex":0},"west":{"uv":[5.96875,1.0,6.546875,1.421875],"rotation":0,"texture":"#0","tintindex":0}}}],"display":{"head":{"translation":[0.0,-6.4,0.0],"rotation":[0.0,0.0,0.0],"scale":[3.8095,3.8095,3.8095]}}}